state,county,fips,od_count,opioid_claim_count,county_population,od_per_prescription,od_per_rx_rank,od_per_capita,rx_per_capita,od_per_capita_rank,rx_per_capita_rank
KY,Marshall County,21157,11,75964.0,30953,0.000144805434153,838,0.000355377507834,2.45417245501,71,1
WV,Brooke County,54009,13,54441.0,23530,0.000238790617366,786,0.000552486187845,2.31368465788,15,2
TN,Hawkins County,47073,11,119043.0,56735,9.24035852591e-05,846,0.00019388384595,2.09822860668,350,3
TN,Carter County,47019,10,99879.0,56886,0.000100121146587,845,0.000175790176845,1.75577470731,411,4
NC,Burke County,37023,27,153114.0,89486,0.000176339198244,826,0.000301723174575,1.71103859822,112,5
TN,Roane County,47145,23,69613.0,52748,0.000330398057834,690,0.000436035489497,1.31972776219,34,6
KY,Perry County,21193,12,36011.0,27597,0.000333231512593,686,0.000434829872812,1.30488821249,36,7
NC,Caldwell County,37027,14,103707.0,81484,0.000134995709065,843,0.000171812871239,1.2727283884,426,8
IL,Boone County,17007,10,67448.0,53869,0.000148262365081,837,0.000185635523214,1.25207447697,376,9
KY,Laurel County,21125,16,71564.0,60015,0.000223576099715,805,0.000266600016663,1.19243522453,175,10
KY,Whitley County,21235,16,41653.0,35503,0.000384125993326,631,0.00045066614089,1.1732247979,29,11
MO,Butler County,29023,13,48702.0,42972,0.000266929489549,764,0.000302522572838,1.13334264172,108,12
KY,Pike County,21195,33,71005.0,63034,0.000464756003098,521,0.000523526985436,1.12645556366,17,13
GA,Floyd County,13115,11,105708.0,96063,0.00010406024142,844,0.000114508187335,1.10040286062,674,14
KY,Bell County,21013,12,29934.0,27778,0.000400881940269,603,0.000431996544028,1.07761537908,37,15
MO,St. Francois County,29187,29,69919.0,65960,0.000414765657404,585,0.000439660400243,1.06002122498,33,16
TN,Loudon County,47105,15,53266.0,50771,0.000281605526978,740,0.00029544424967,1.04914222686,120,17
KY,McCracken County,21145,18,67983.0,65316,0.000264772075372,767,0.000275583318023,1.04083226162,149,18
KY,Floyd County,21071,23,39625.0,38108,0.000580441640379,414,0.000603547811483,1.03980791435,13,19
WV,Wayne County,54099,17,42455.0,41122,0.00040042397833,605,0.000413404017314,1.03241573853,47,20
VA,Carroll County,51035,10,30212.0,29621,0.000330994306898,689,0.000337598325512,1.01995206104,82,21
TN,Sullivan County,47163,40,158849.0,157047,0.000251811468753,778,0.000254700822047,1.01147427203,200,22
IN,Jackson County,18071,14,43758.0,43705,0.000319941496412,707,0.000320329481753,1.0012126759,94,23
AL,Etowah County,1055,18,103401.0,103531,0.000174079554356,827,0.000173860969178,0.998744337445,417,24
VA,Roanoke County,51161,17,90390.0,93785,0.00018807390198,819,0.00018126566082,0.963800181266,387,25
AL,Cullman County,1043,32,77979.0,81289,0.000410366893651,590,0.000393657198391,0.959281083541,54,26
TN,DeKalb County,47041,11,18231.0,19268,0.000603367889858,387,0.000570894747768,0.946180195142,14,27
KY,Boyd County,21019,16,46048.0,48832,0.000347463516331,669,0.000327653997379,0.942988204456,90,28
GA,Rockdale County,13247,13,82296.0,87754,0.000157966365315,833,0.000148141395264,0.937803404973,519,29
VA,Wise County,51195,11,37312.0,39935,0.000294811320755,729,0.000275447602354,0.934318267184,150,30
TN,Hamblen County,47063,23,57596.0,63036,0.000399333287034,607,0.000364870867441,0.913700107875,66,31
GA,Ware County,13299,15,32415.0,35515,0.000462748727441,524,0.000422356750669,0.912712938195,43,32
TN,Washington County,47179,21,114288.0,126242,0.000183746325073,823,0.000166347174474,0.905308851254,450,33
VA,Russell County,51167,10,24368.0,28023,0.000410374261326,589,0.000356849730578,0.869571423474,69,34
TN,Coffee County,47031,11,46437.0,53623,0.000236880074079,788,0.000205135855883,0.865990339966,310,35
KY,Pulaski County,21199,11,54556.0,63825,0.000201627685314,810,0.000172346259303,0.854774774775,424,36
AL,Escambia County,1053,14,32198.0,37733,0.000434809615504,567,0.000371028012615,0.853311425013,63,37
TN,McMinn County,47107,12,44657.0,52626,0.000268714871129,762,0.000228024170562,0.848572948733,252,38
NC,Moore County,37125,11,78320.0,93077,0.000140449438202,840,0.000118181720511,0.841453850038,659,39
OK,Creek County,40037,21,59006.0,70632,0.000355896010575,661,0.000297315664288,0.835400385095,118,40
TN,Franklin County,47051,12,34505.0,41402,0.000347775684683,668,0.00028984107048,0.833413844742,128,41
NC,Rutherford County,37161,11,55367.0,66600,0.000198674300576,813,0.000165165165165,0.831336336336,456,42
NC,Randolph County,37151,19,117797.0,142778,0.000161294430249,832,0.000133073722842,0.825036069983,586,43
AL,Walker County,1127,23,53943.0,65471,0.00042637598947,577,0.000351300575827,0.82392204182,73,44
WV,Hancock County,54029,15,24757.0,30112,0.000605889243446,381,0.000498140276302,0.82216392136,24,45
AL,Blount County,1009,16,47353.0,57719,0.000337887779021,680,0.000277205079783,0.820405758936,145,46
WV,Cabell County,54011,50,78928.0,97109,0.00063348874924,353,0.000514885335036,0.812777394474,20,47
NC,Catawba County,37035,34,125274.0,154534,0.000271405080064,755,0.000220016307091,0.810656554545,273,48
TN,Claiborne County,47025,14,25387.0,31592,0.000551463347383,432,0.000443150164599,0.803589516333,30,49
TN,Cheatham County,47021,16,31935.0,39764,0.000501017692187,477,0.000402374006639,0.803113368876,50,50
NC,Wilkes County,37193,30,54576.0,68838,0.000549692172383,434,0.000435805804933,0.792817920335,35,51
VA,Roanoke city,51770,13,78810.0,99428,0.00016495368608,830,0.000130747877861,0.792633865712,602,52
TN,Cocke County,47029,13,27322.0,35374,0.000475807041944,509,0.000367501554814,0.772375190818,65,53
AL,Houston County,1069,14,79268.0,104193,0.000176616036736,825,0.000134366032267,0.760780474696,576,54
OH,Scioto County,39145,24,58632.0,77258,0.000409332787556,591,0.000310647441042,0.758911698465,101,55
MI,Bay County,26017,16,79884.0,106179,0.000200290421111,811,0.000150688930956,0.752352160032,513,56
MI,Van Buren County,26159,10,56386.0,75199,0.000177348987337,824,0.000132980491762,0.749823800848,587,57
TN,Wilson County,47189,22,93932.0,125376,0.000234211983137,791,0.000175472179684,0.749202399183,414,58
TN,Hardin County,47071,12,19273.0,25870,0.000622632698594,367,0.00046385775029,0.744994201778,27,59
IN,Bartholomew County,18005,11,59516.0,80217,0.000184824248941,821,0.000137128040191,0.741937494546,561,60
WV,Mason County,54053,14,19995.0,27016,0.000700175043761,292,0.000518211430264,0.740116967723,18,61
VA,Danville city,51590,13,31280.0,42444,0.000415601023018,582,0.000306285929696,0.73697106776,104,62
VA,Henry County,51089,10,38189.0,52081,0.000261855508131,771,0.000192008601985,0.733261650122,357,63
AR,Garland County,5051,22,68585.0,97322,0.000320769847634,705,0.000226053718584,0.704722467685,255,64
LA,Rapides Parish,22079,14,92419.0,132488,0.000151484002207,834,0.000105669947467,0.697565062496,715,65
LA,St. Landry Parish,22097,10,58358.0,83709,0.000171356112273,828,0.000119461467704,0.697153233225,654,66
KY,Powell County,21197,11,8548.0,12434,0.00128685072532,76,0.000884671063214,0.687469840759,5,67
TN,Knox County,47093,130,304587.0,448644,0.000426807447462,574,0.000289762038498,0.678905769385,129,68
TN,Cumberland County,47035,16,39320.0,57985,0.000406917599186,594,0.00027593343106,0.678106406829,148,69
IN,Clark County,18019,26,76993.0,114262,0.000337693037029,681,0.000227547216047,0.673828569428,253,70
TN,Putnam County,47141,20,49801.0,74165,0.000401598361479,600,0.000269668981325,0.671489246949,167,71
VA,Tazewell County,51185,15,29086.0,43452,0.000515712026404,460,0.000345208505938,0.669382306913,77,72
WV,Fayette County,54019,19,30109.0,45132,0.000631040552659,354,0.000420987326066,0.667131968448,44,73
TN,Hamilton County,47065,63,233662.0,351220,0.000269620220661,761,0.000179374750868,0.66528671488,396,74
MS,Tishomingo County,28141,10,12916.0,19420,0.000774233508826,246,0.000514933058702,0.66508753862,19,75
WV,Raleigh County,54081,42,51116.0,78241,0.000821660536818,223,0.000536802954972,0.653314758247,16,76
OH,Ross County,39141,31,49987.0,77159,0.000620161241923,368,0.000401767778224,0.647844062261,51,77
NC,Sampson County,37163,19,41271.0,64050,0.000460371689564,528,0.000296643247463,0.644355971897,119,78
TX,Smith County,48423,19,139577.0,218842,0.000136125579429,842,8.68206285814e-05,0.637798046079,775,79
NC,Brunswick County,37019,22,75456.0,118836,0.000291560644614,731,0.000185129085462,0.634959103302,379,80
WV,Kanawha County,54039,84,120642.0,190223,0.000696274929129,296,0.000441586979492,0.634213528333,31,81
MO,Greene County,29077,64,181020.0,285865,0.000353552093691,665,0.000223881902297,0.633235968027,262,82
NC,Davidson County,37057,33,103842.0,164072,0.000317790489397,710,0.000201131210688,0.632905066069,330,83
NC,Columbus County,37047,11,35920.0,56953,0.000306236080178,722,0.000193141713343,0.630695485751,353,84
WV,Wyoming County,54109,18,14215.0,22598,0.00126626802673,78,0.000796530666431,0.629037967962,7,85
AL,Jefferson County,1073,182,415413.0,660793,0.00043811821007,563,0.000275426646469,0.628658293898,151,86
MI,Muskegon County,26121,52,107567.0,172344,0.000483419636134,502,0.000301722137121,0.624141252379,113,87
TN,Blount County,47009,22,78767.0,126339,0.000279304784999,745,0.000174134669421,0.623457523013,416,88
WV,Ohio County,54069,11,26948.0,43328,0.000408193557963,592,0.000253877400295,0.621953471196,202,89
OH,Greene County,39057,44,101636.0,163820,0.000432917470188,568,0.000268587474057,0.620412648028,171,90
WV,Logan County,54045,23,21822.0,35348,0.00105398221978,125,0.00065067330542,0.617347516125,9,91
PA,Crawford County,42039,18,53770.0,87175,0.000334759159383,684,0.000206481215945,0.616805276742,306,92
IN,Wayne County,18177,21,41412.0,67671,0.000507099391481,473,0.00031032495456,0.611960810391,102,93
OK,Sequoyah County,40135,15,25272.0,41358,0.000593542260209,397,0.000362686783694,0.611054693167,68,94
OH,Washington County,39167,12,37357.0,61213,0.000321224937763,704,0.000196036789571,0.610278862333,343,95
AL,Shelby County,1117,40,125952.0,206655,0.000317581300813,711,0.000193559313832,0.609479567395,351,96
NC,Cabarrus County,37025,22,116960.0,192103,0.000188098495212,818,0.000114521897107,0.608840049349,673,97
VA,Richmond city,51760,52,131600.0,217853,0.000395136778116,617,0.000238693063671,0.604077061138,230,98
WV,Wood County,54107,25,52049.0,86237,0.000480316624719,504,0.00028989876735,0.603557637673,127,99
OH,Fayette County,39047,12,17380.0,28800,0.000690448791715,304,0.000416666666667,0.603472222222,46,100
TN,Maury County,47119,21,51602.0,85515,0.000406960970505,593,0.000245570952464,0.60342629948,217,101
TN,Sevier County,47155,16,57282.0,95110,0.00027931985615,744,0.000168226264326,0.602271054568,437,102
FL,Hernando County,12053,28,105824.0,175855,0.000264590263078,768,0.000159222086378,0.601768502459,484,103
TN,Anderson County,47001,22,45368.0,75528,0.000484923293952,501,0.000291282703103,0.600677894291,125,104
TN,Sumner County,47165,28,102727.0,172706,0.000272567095311,754,0.00016212523016,0.594808518523,469,105
GA,Walker County,13295,12,40501.0,68218,0.000296288980519,727,0.000175906652203,0.593699610074,410,106
MI,Saginaw County,26145,44,115419.0,195012,0.000381219729854,634,0.000225627140894,0.591855885792,258,107
NC,Buncombe County,37021,34,147470.0,250539,0.000230555367193,798,0.000135707414814,0.588610954781,567,108
IL,Williamson County,17199,17,39324.0,67008,0.000432305970908,569,0.000253701050621,0.58685530086,204,109
TN,Campbell County,47013,16,23410.0,39918,0.000683468603161,313,0.000400821684453,0.586452227065,52,110
OH,Portage County,39133,30,93830.0,161882,0.000319727166152,709,0.000185320171483,0.579619723008,377,111
AL,Morgan County,1103,10,69300.0,119607,0.0001443001443,839,8.36071467389e-05,0.579397526901,782,112
KY,Fayette County,21067,84,179849.0,310797,0.000467058476833,516,0.000270272879082,0.578670321786,163,113
OH,Erie County,39043,20,43846.0,75828,0.000456141951375,535,0.000263754813525,0.578229677692,184,114
NC,Surry County,37171,15,42150.0,72968,0.000355871886121,662,0.000205569564741,0.577650476921,308,115
IN,Vanderburgh County,18163,31,104764.0,182006,0.000295903172846,728,0.000170324055251,0.575607397558,432,116
OH,Mahoning County,39099,52,133806.0,233204,0.000388622333827,624,0.000222980737895,0.573772319514,264,117
OH,Clinton County,39027,13,23924.0,41835,0.000543387393412,437,0.000310744591849,0.571865662723,100,118
OR,Jackson County,41029,28,119948.0,210287,0.000233434488278,793,0.000133151359808,0.570401403796,583,119
GA,Bibb County,13021,12,87090.0,153905,0.000137788494661,841,7.79701764075e-05,0.565868555278,803,120
GA,Whitfield County,13313,11,58278.0,103542,0.000188750471876,817,0.000106237082537,0.562844063279,711,121
SC,Florence County,45041,24,78132.0,139231,0.000307172477346,719,0.000172375404903,0.561168130661,423,122
SC,Laurens County,45059,11,37320.0,66533,0.00029474812433,730,0.000165331489637,0.560924653931,455,123
AR,Sebastian County,5131,16,70866.0,126776,0.000225778229334,803,0.000126206853032,0.558985927936,623,124
KY,Leslie County,21131,10,6101.0,10918,0.00163907556138,41,0.000915918666422,0.558801978384,4,125
WV,Mercer County,54055,43,34497.0,61785,0.00124648520161,81,0.000695961803027,0.558339402768,8,126
TN,Greene County,47059,19,38105.0,68335,0.000498622228054,486,0.000278041998976,0.55762054584,143,127
MO,Dunklin County,29069,11,17474.0,31344,0.000629506695662,357,0.000350944359367,0.557491066871,74,128
LA,Terrebonne Parish,22109,23,62861.0,113328,0.000365886638774,650,0.000202950727093,0.554681985035,320,129
GA,Walton County,13297,13,47990.0,87615,0.000270889768702,758,0.000148376419563,0.547737259602,517,130
SC,Spartanburg County,45083,52,160356.0,293542,0.000324278480381,698,0.000177146711544,0.546279578391,405,131
IN,Vigo County,18167,16,59032.0,108175,0.000271039436238,756,0.000147908481627,0.545708342963,520,132
KY,Montgomery County,21173,10,14978.0,27474,0.000667645880625,323,0.000363980490646,0.545169978889,67,133
TX,Potter County,48375,16,66243.0,121627,0.000241534954637,785,0.000131549738134,0.54464058145,594,134
NC,Iredell County,37097,28,90763.0,166675,0.000308495752675,717,0.00016799160042,0.544550772461,438,135
SC,Anderson County,45007,38,104657.0,192810,0.00036309085871,655,0.000197085213423,0.542798610031,340,136
PA,Venango County,42121,11,28933.0,53529,0.000380188711852,637,0.000205496086234,0.540510751182,309,137
AL,Mobile County,1097,58,224189.0,415123,0.000258710284626,773,0.00013971762586,0.540054393517,547,138
VA,Washington County,51191,11,29546.0,54729,0.000372300819062,644,0.000200990334192,0.53986003764,331,139
AL,Marshall County,1095,25,50667.0,94636,0.000493417806462,494,0.000264170083266,0.535388224354,183,140
CA,Yuba County,6115,11,39454.0,73966,0.000278805697775,746,0.000148716978071,0.533407241165,516,141
IN,Delaware County,18035,35,62240.0,117074,0.00056233933162,422,0.000298956215727,0.531629567624,116,142
PA,Cambria County,42021,36,73214.0,137732,0.000491709235938,497,0.000261377167252,0.531568553423,187,143
AR,Pulaski County,5119,58,208264.0,392702,0.000278492682365,748,0.000147694689612,0.530335979954,524,144
NV,Carson City,32510,10,28790.0,54522,0.000347342827371,670,0.00018341220058,0.528043725469,383,145
TN,Bradley County,47011,25,54159.0,102975,0.00046160379623,525,0.000242777373149,0.525943190095,222,146
IN,Madison County,18095,29,68115.0,130069,0.000425750568891,578,0.000222958583521,0.523683583329,265,147
OH,Champaign County,39021,11,20490.0,39128,0.000536847242557,441,0.000281128603558,0.52366591699,136,148
IN,Hamilton County,18057,27,157777.0,302623,0.00017112760415,829,8.92199204951e-05,0.521364866517,772,149
OK,Cherokee County,40021,13,25133.0,48341,0.000517248239367,459,0.000268922860512,0.519910634865,170,150
MD,Worcester County,24047,12,26857.0,51675,0.000446810887292,544,0.000232220609579,0.519729075955,241,151
AL,Calhoun County,1015,21,60065.0,115916,0.000349621243653,666,0.000181165671693,0.518176955727,388,152
PA,Clearfield County,42033,12,41998.0,81191,0.000285727891804,735,0.000147799632964,0.517274082103,521,153
OK,Tulsa County,40143,118,325042.0,629598,0.00036303000843,656,0.000187421179864,0.516269111401,370,154
WV,Harrison County,54033,14,35324.0,68761,0.00039633110633,611,0.00020360378703,0.513721440933,315,155
KY,Kenton County,21117,74,84068.0,163929,0.000880239805871,189,0.000451414941835,0.512831774732,28,156
NC,Pitt County,37147,22,89814.0,175354,0.000244950675841,781,0.000125460497052,0.512186776464,628,157
OH,Wayne County,39169,16,59166.0,115537,0.00027042558226,759,0.00013848377576,0.512095692289,552,158
PA,Blair County,42013,21,64428.0,125955,0.000325945241199,696,0.000166726211742,0.511516017625,447,159
NC,Forsyth County,37067,58,186854.0,365298,0.000310402774359,716,0.000158774480014,0.511511149801,487,160
MI,Grand Traverse County,26055,11,46394.0,90782,0.000237099624952,787,0.000121169394814,0.511048445727,647,161
CA,Shasta County,6089,39,91725.0,179804,0.000425183973835,579,0.00021690284977,0.510138817824,282,162
IA,Cerro Gordo County,19033,11,22008.0,43254,0.00049981824791,482,0.000254311739955,0.508808433902,201,163
NC,Craven County,37049,14,53093.0,104510,0.000263688245155,769,0.000133958472873,0.508018371448,579,164
GA,Madison County,13195,12,14336.0,28312,0.000837053571429,211,0.000423848544787,0.506357728172,42,165
GA,Richmond County,13245,26,101839.0,201368,0.000255304942115,775,0.000129116840809,0.505735767351,606,166
GA,Columbia County,13073,15,70344.0,139257,0.000213237802798,808,0.000107714513454,0.505137982292,700,167
MO,Jasper County,29097,15,59076.0,117543,0.000253910217347,776,0.000127612873587,0.502590541334,616,168
IN,Grant County,18053,15,34451.0,68569,0.000435401004325,565,0.00021875774767,0.502428210999,275,169
MO,St. Louis city,29510,117,157706.0,317419,0.000741886802024,268,0.000368597973026,0.496838563539,64,170
VA,Orange County,51137,12,17354.0,35026,0.000691483231532,302,0.00034260263804,0.495460515046,79,171
TN,Davidson County,47037,125,328080.0,668347,0.000381004633016,635,0.000187028594428,0.490882730079,371,172
IN,Porter County,18127,41,81998.0,167076,0.000500012195419,481,0.000245397304221,0.490782637841,218,173
IN,La Porte County,18091,23,54605.0,111444,0.00042120684919,581,0.000206381680485,0.489977028822,307,174
WV,Putnam County,54079,12,27806.0,56770,0.000431561533482,570,0.000211379249604,0.489800951207,292,175
VA,Wythe County,51197,10,14198.0,29121,0.000704324552754,289,0.000343394801003,0.487551938464,78,176
CA,Butte County,6007,78,109287.0,224241,0.000713717093524,282,0.000347840047092,0.487364041366,76,177
IN,Howard County,18067,19,40400.0,82982,0.000470297029703,512,0.00022896531778,0.486852570437,248,178
OH,Montgomery County,39113,259,258714.0,533116,0.00100110546781,140,0.000485822972861,0.48528650425,25,179
ME,Androscoggin County,23001,24,52127.0,107440,0.000460413988912,527,0.000223380491437,0.485173119881,263,180
LA,Lafayette Parish,22055,32,114200.0,235644,0.000280210157618,742,0.000135798068272,0.484629356147,566,181
IN,Monroe County,18105,27,69375.0,143339,0.000389189189189,623,0.000188364646049,0.48399249332,368,182
NC,Harnett County,37085,15,61285.0,126666,0.000244758097414,783,0.000118421675904,0.48383149385,656,183
TN,Williamson County,47187,19,98643.0,205226,0.000192613768843,815,9.2580862074e-05,0.480655472503,763,184
FL,Flagler County,12035,10,49185.0,102408,0.000203314018502,809,9.76486212015e-05,0.480284743379,746,185
TX,Grayson County,48181,17,59291.0,123534,0.000286721424837,733,0.000137613936244,0.479956934933,557,186
KS,Reno County,20155,10,30396.0,63794,0.000328990656665,692,0.00015675455372,0.476471141487,490,187
NC,New Hanover County,37129,41,102406.0,216298,0.000400367165986,606,0.000189553301464,0.473448668041,363,188
NC,Henderson County,37089,13,52517.0,111149,0.000247538892168,779,0.0001169601166,0.472491880269,666,189
FL,Citrus County,12017,25,65690.0,139377,0.00038057543005,636,0.000179369623396,0.471311622434,397,190
PA,Mercer County,42085,27,54136.0,114884,0.000498743904241,485,0.000235019672017,0.471223146826,236,191
AL,Tuscaloosa County,1125,23,95190.0,202212,0.00024162201912,784,0.000113742013333,0.470743576049,679,192
IN,Henry County,18065,13,22983.0,48995,0.000565635469695,421,0.000265333197265,0.469088682519,179,193
OK,Carter County,40019,19,22710.0,48821,0.000836635843241,212,0.000389176788677,0.465168677413,57,194
KY,Warren County,21227,16,55816.0,120460,0.000286656155941,734,0.000132824174,0.463357130998,588,195
OH,Warren County,39165,41,102291.0,221659,0.000400817276202,604,0.000184968803432,0.461479118827,381,196
VA,Frederick County,51069,16,37942.0,82377,0.000421696273259,580,0.000194228971679,0.460589727715,346,197
FL,Bay County,12005,26,82434.0,178985,0.000315403838222,715,0.000145263569573,0.460563734391,530,198
IN,Floyd County,18043,18,35045.0,76179,0.00051362533885,466,0.000236285590517,0.460034917759,235,199
AL,Montgomery County,1101,23,103939.0,226189,0.000221283637518,807,0.000101684874154,0.459522788465,735,200
OH,Marion County,39101,29,30178.0,65720,0.000960964941348,149,0.000441265976872,0.459190505173,32,201
OH,Delaware County,39041,14,86558.0,189113,0.000161741260195,831,7.40298128632e-05,0.457705181558,811,202
KY,Daviess County,21059,11,44933.0,98275,0.000244808937752,782,0.000111930806411,0.457216993132,684,203
OK,Pittsburg County,40121,17,20380.0,44626,0.000834151128557,214,0.000380943844396,0.456684444046,59,204
LA,Ouachita Parish,22073,16,71377.0,156325,0.000224161844852,804,0.000102350871582,0.456593635055,733,205
MI,Genesee County,26049,52,188479.0,412895,0.000275892805034,751,0.000125940008961,0.456481672096,625,206
OH,Hamilton County,39061,258,367875.0,806631,0.000701325178389,291,0.000319848852821,0.456063553223,96,207
NC,Cleveland County,37045,14,44229.0,97076,0.000316534400506,712,0.000144216902221,0.455612097738,534,208
VA,Culpeper County,51047,13,22397.0,49166,0.000580434879671,415,0.000264410364886,0.455538380181,182,209
AL,Baldwin County,1003,35,91139.0,200111,0.000384028791187,632,0.000174902928874,0.455442229563,415,210
NC,Nash County,37127,10,42941.0,94357,0.00023287766936,795,0.000105980478396,0.45509077228,714,211
WV,Monongalia County,54061,13,47039.0,103463,0.000276366419354,750,0.000125648782657,0.454645622106,626,212
MO,Buchanan County,29021,13,40465.0,89486,0.000321265290992,703,0.000145274121092,0.452193639228,529,213
PA,Fayette County,42051,40,60626.0,134086,0.000659782931416,328,0.000298316006145,0.452142654714,117,214
NC,Gaston County,37071,42,95142.0,211127,0.000441445418427,554,0.000198932396141,0.450638715086,334,215
LA,East Baton Rouge Parish,22033,60,200610.0,446042,0.000299087782264,726,0.000134516480511,0.449755852588,575,216
KS,Leavenworth County,20103,16,35394.0,78797,0.000452054020455,542,0.000203053415739,0.449179537292,319,217
NC,Guilford County,37081,52,229861.0,512119,0.000226223674308,802,0.000101538900138,0.448842944706,736,218
CA,Lake County,6033,33,28711.0,64184,0.00114938525304,98,0.00051414682787,0.447323320454,21,219
CA,Sutter County,6101,10,42802.0,95847,0.000233633942339,792,0.000104332947301,0.44656588104,725,220
OH,Hancock County,39063,11,33396.0,75337,0.000329380764163,691,0.000146010592405,0.443288158541,526,221
LA,Jefferson Parish,22051,113,193091.0,435716,0.000585216296979,403,0.000259343241928,0.443157928559,193,222
OK,McClain County,40087,10,16446.0,37313,0.000608050589809,378,0.000268003108836,0.440757912792,173,223
IN,Randolph County,18135,10,11170.0,25384,0.000895255147717,183,0.000393948944217,0.44004097069,53,224
PA,Somerset County,42111,19,33507.0,76218,0.000567045691945,420,0.000249284945813,0.439620562072,213,225
PA,Lackawanna County,42069,41,93299.0,212719,0.000439447368139,560,0.000192742538278,0.438602099483,355,226
PA,Lawrence County,42073,20,38860.0,88771,0.000514668039115,463,0.000225298802537,0.437755573329,260,227
WA,Cowlitz County,53015,23,44682.0,102133,0.000514748668368,461,0.00022519655743,0.437488373004,261,228
AL,Lauderdale County,1077,11,40603.0,93096,0.000270915942172,757,0.000118157600756,0.436141187591,660,229
MI,Kalamazoo County,26077,34,112752.0,258818,0.000301546757485,725,0.000131366442829,0.435642034171,597,230
CA,Plumas County,6063,12,8084.0,18606,0.00148441365661,52,0.00064495324089,0.434483499946,10,231
LA,St. Tammany Parish,22103,67,106709.0,245829,0.000627875811787,359,0.000272547177103,0.434078160022,159,232
MI,Allegan County,26005,23,49356.0,113847,0.00046600210714,518,0.000202025525486,0.433529210256,324,233
TN,Dickson County,47043,14,21896.0,50575,0.000639386189258,351,0.000276816608997,0.432941176471,146,234
SC,Greenwood County,45047,10,30085.0,69520,0.000332391557254,687,0.000143843498274,0.432753164557,538,235
WV,Boone County,54005,25,10259.0,23714,0.00243688468662,16,0.00105422956903,0.432613645948,1,236
GA,Muscogee County,13215,23,86653.0,200887,0.000265426471097,766,0.000114492226973,0.431351954084,675,237
CO,Pueblo County,8101,43,69690.0,161875,0.000617018223561,371,0.000265637065637,0.430517374517,177,238
SC,Oconee County,45073,21,32365.0,75192,0.000648849065348,343,0.000279285030322,0.430431428875,140,239
LA,Caddo Parish,22017,20,108619.0,252603,0.000184129848369,822,7.91756234091e-05,0.429998851953,800,240
OK,Wagoner County,40145,23,32412.0,75702,0.000709613723312,285,0.000303822884468,0.428152492669,106,241
IN,Allen County,18003,43,156420.0,365918,0.000274900907812,752,0.000117512666772,0.42747282178,664,242
OR,Douglas County,41019,13,45623.0,106972,0.000284943997545,736,0.000121527128594,0.426494783682,645,243
OH,Allen County,39003,12,44748.0,105040,0.000268168409761,763,0.00011424219345,0.426009139375,676,244
GA,Carroll County,13045,19,48570.0,114093,0.000391187976117,620,0.000166530812583,0.425705345639,448,245
OH,Brown County,39015,19,18753.0,44116,0.00101317122594,134,0.000430682745489,0.425083869798,38,246
IN,Fayette County,18041,15,9971.0,23468,0.00150436265169,48,0.000639168229078,0.424876427476,11,247
AL,St. Clair County,1115,29,36796.0,86697,0.000788129144472,241,0.000334498310207,0.42442068353,84,248
SC,Greenville County,45045,81,204713.0,482752,0.000395675897476,615,0.000167788015378,0.424054172743,441,249
GA,Hall County,13139,23,80869.0,190761,0.000284410589966,737,0.000120569718129,0.423928371103,650,250
OH,Summit County,39153,129,229620.0,541943,0.000561797752809,423,0.000238032413003,0.423697695145,231,251
IL,Peoria County,17143,31,79226.0,187319,0.000391285689041,619,0.000165493089329,0.422946951457,452,252
OH,Huron County,39077,17,24795.0,58714,0.00068562210123,308,0.000289539121845,0.422301325067,130,253
FL,Escambia County,12033,43,130848.0,310659,0.000328625580827,693,0.000138415432999,0.421194943652,553,254
OH,Fairfield County,39045,17,63035.0,150381,0.000269691441263,760,0.000113046195996,0.419168644975,681,255
NC,Rowan County,37159,29,58049.0,138630,0.000499577942772,483,0.00020918993003,0.418733318906,301,256
VA,Pulaski County,51155,12,14356.0,34322,0.000835887433826,213,0.000349629974943,0.418273993357,75,257
OH,Columbiana County,39029,20,44139.0,105686,0.000453114026145,540,0.000189239823628,0.417642828757,365,258
OR,Yamhill County,41071,10,42494.0,101758,0.00023532734033,790,9.82723717054e-05,0.417598616325,745,259
MI,Calhoun County,26025,30,56119.0,134878,0.000534578306812,444,0.000222423226916,0.416072302377,267,260
GA,Bartow County,13015,17,42201.0,101736,0.000402834056065,598,0.000167099158607,0.414808917197,445,261
OK,Stephens County,40137,12,18450.0,44493,0.000650406504065,340,0.000269705346909,0.414671970872,166,262
IL,Knox County,17095,10,21591.0,52069,0.000463155944607,523,0.000192052852945,0.414661314794,356,263
OH,Medina County,39103,18,72886.0,176029,0.000246961007601,780,0.000102255878293,0.414056774736,734,264
NC,Robeson County,37155,26,55642.0,134760,0.000467272923331,514,0.000192935589196,0.412897002078,354,265
OR,Josephine County,41033,17,34449.0,83599,0.000493483119974,493,0.000203351714733,0.412074307109,317,266
OH,Richland County,39139,32,50237.0,121942,0.000636980711428,352,0.00026241983894,0.411974545276,186,267
OH,Geauga County,39055,11,38710.0,94295,0.000284164298631,738,0.000116655177899,0.410520176043,668,268
OH,Seneca County,39147,12,22831.0,55669,0.000525601156323,453,0.000215559826834,0.41012053387,286,269
MS,Harrison County,28047,43,81431.0,199058,0.000528054426447,449,0.000216017442153,0.409081775161,284,270
FL,Marion County,12083,47,138604.0,339167,0.000339095552798,678,0.000138574802383,0.408660040629,551,271
UT,Carbon County,49007,13,8440.0,20660,0.00154028436019,47,0.000629235237173,0.408518877057,12,272
GA,Catoosa County,13047,13,26740.0,65621,0.000486163051608,498,0.000198107313208,0.407491504244,337,273
MI,Oakland County,26125,115,504320.0,1237868,0.000228029822335,800,9.29016664135e-05,0.407410160049,761,274
KY,Grayson County,21085,10,10624.0,26194,0.000941265060241,160,0.000381766816828,0.405589066198,58,275
OH,Trumbull County,39155,58,83031.0,205175,0.000698534282376,294,0.000282685512367,0.404683806507,134,276
MD,Allegany County,24001,12,29512.0,72952,0.000406614258607,595,0.000164491720583,0.404539971488,458,277
GA,Murray County,13213,10,15914.0,39410,0.00062837752922,358,0.000253742704897,0.403806140573,203,278
SC,Georgetown County,45043,11,24471.0,60773,0.000449511666871,543,0.000181001431557,0.402662366511,389,279
KY,Jefferson County,21111,200,305691.0,760026,0.000654255440952,335,0.000263148892275,0.402211240142,185,280
NC,Durham County,37063,27,118397.0,294460,0.000228046318741,799,9.16932690348e-05,0.402081776812,767,281
SC,Pickens County,45077,33,48357.0,120368,0.000682424468019,314,0.000274159244982,0.40174298817,155,282
NC,Johnston County,37101,11,72872.0,181423,0.000150949610276,835,6.06317831807e-05,0.401669027632,834,283
PA,Lycoming County,42081,18,46739.0,116508,0.000385117353816,628,0.000154495828613,0.401165585196,503,284
FL,Pasco County,12101,102,194365.0,485331,0.000524785841072,454,0.000210165845578,0.400479260546,296,285
OH,Highland County,39071,13,17236.0,43045,0.00075423532142,259,0.000302009524916,0.400418167034,111,286
PA,Westmoreland County,42129,102,143707.0,359320,0.000709777533453,284,0.000283869531337,0.399941556273,132,287
PA,Carbon County,42025,18,25724.0,64441,0.000699735655419,293,0.000279325274282,0.39918685309,139,288
MS,Jackson County,28059,34,56254.0,141137,0.000604401464785,384,0.00024090068515,0.398577268895,227,289
AL,Madison County,1089,21,139442.0,350299,0.000150600249566,836,5.9948786608e-05,0.398065652485,835,290
MI,Ingham County,26065,55,113245.0,284582,0.000485672656629,499,0.000193265912812,0.397934514481,352,291
IL,Adams County,17001,11,26544.0,66988,0.000414406268837,586,0.000164208514958,0.39625007464,460,292
OK,Washington County,40147,16,20577.0,51937,0.000777567186665,244,0.000308065540944,0.39619153975,103,293
TX,Jefferson County,48245,34,99896.0,252235,0.000340353968127,677,0.000134794933296,0.396043372252,573,294
OK,Mayes County,40097,11,16121.0,40816,0.000682339805223,315,0.000269502156017,0.394967659741,168,295
FL,Lake County,12069,32,124620.0,315690,0.000256780613064,774,0.000101365263391,0.39475434762,737,296
CO,Denver County,8031,134,260983.0,663862,0.00051344340436,467,0.000201849179498,0.393128391142,325,297
AR,Washington County,5143,24,86789.0,220792,0.000276532740324,749,0.000108699590565,0.393080365231,695,298
AZ,Mohave County,4015,52,79893.0,203361,0.000650870539346,338,0.000255702912555,0.392862938322,198,299
OK,Oklahoma County,40109,175,300768.0,766215,0.000581843813172,410,0.000228395424261,0.392537342652,249,300
NV,Douglas County,32005,13,18645.0,47536,0.000697237865379,295,0.00027347694379,0.392229047459,156,301
ME,Kennebec County,23011,15,47440.0,121112,0.000316188870152,713,0.000123852302001,0.39170354713,635,302
TX,Wichita County,48485,24,51767.0,132355,0.000463615817026,522,0.000181330512636,0.391122360319,386,303
FL,Alachua County,12001,19,100113.0,256380,0.000189785542337,816,7.41087448319e-05,0.39048677744,810,304
OR,Lane County,41039,62,139841.0,358337,0.000443360673908,551,0.000173021485362,0.390249960233,420,305
AR,Faulkner County,5045,15,46906.0,120768,0.000319788513197,708,0.00012420508744,0.388397588765,633,306
FL,Charlotte County,12015,13,65415.0,168474,0.000198731177864,812,7.71632418059e-05,0.388279497133,807,307
GA,Douglas County,13097,23,53687.0,138776,0.000428409112076,573,0.000165734709172,0.386860840491,451,308
OR,Lincoln County,41041,13,17851.0,46406,0.000728250518178,275,0.000280136189286,0.384670085765,138,309
NH,Strafford County,33017,35,48212.0,125604,0.000725960341824,277,0.000278653546065,0.38384127894,141,310
OH,Wood County,39173,17,49738.0,129590,0.00034179098476,673,0.000131182961648,0.383810479204,598,311
LA,Acadia Parish,22001,11,23919.0,62486,0.000459885446716,529,0.000176039432833,0.382789744903,408,312
FL,Martin County,12085,18,58685.0,153392,0.00030672233109,721,0.000117346406592,0.382581881715,665,313
OH,Lucas County,39095,126,166465.0,435286,0.000756915868201,258,0.000289464857588,0.382426726336,131,314
IL,Jackson County,17077,10,22818.0,59677,0.000438250503988,562,0.000167568745078,0.382358362518,442,315
PA,Allegheny County,42003,308,470499.0,1231255,0.000654624133101,333,0.000250151268421,0.382129615717,210,316
WI,Ozaukee County,55089,12,33414.0,87470,0.000359130903214,658,0.000137189893678,0.382005258946,560,317
OH,Butler County,39017,159,141917.0,374158,0.00112037317587,105,0.000424954163749,0.379296981489,41,318
MI,Eaton County,26045,14,41105.0,108579,0.000340591168958,676,0.000128938376666,0.378572283775,607,319
CA,Humboldt County,6023,38,51030.0,134809,0.000744660003919,266,0.000281880289892,0.378535557715,135,320
PA,Northumberland County,42097,13,35532.0,93944,0.000365867387144,651,0.000138380311675,0.378225325726,554,321
IN,St. Joseph County,18141,42,101090.0,267618,0.000415471362153,584,0.000156940116136,0.377739912861,489,322
PA,Luzerne County,42079,61,119408.0,318829,0.000510853544151,469,0.000191325130399,0.374520510995,360,323
PA,Washington County,42125,41,77872.0,208187,0.000526505033902,452,0.000196938329483,0.374048331548,341,324
CA,Tuolumne County,6109,19,20103.0,53831,0.000945132567279,157,0.000352956474894,0.373446527094,72,325
LA,Livingston Parish,22063,31,50645.0,135751,0.000612103860203,376,0.000228359275438,0.373072758212,250,326
KY,Madison County,21151,24,32516.0,87340,0.000738098167056,270,0.000274788184108,0.372292191436,153,327
IN,Hancock County,18059,21,26761.0,71978,0.000784724038713,243,0.000291755814277,0.371794159326,124,328
MO,Christian County,29043,11,30483.0,82101,0.000360856871043,657,0.000133981315697,0.371286586034,578,329
WI,Milwaukee County,55079,261,354947.0,956406,0.000735321047931,273,0.000272896656859,0.371125860775,157,330
OH,Sandusky County,39143,14,22309.0,60179,0.000627549419517,360,0.000232639292777,0.370710713039,240,331
OH,Stark County,39151,64,139168.0,375736,0.000459875833525,530,0.000170332361019,0.370387719037,431,332
MN,St. Louis County,27137,39,73963.0,200949,0.000527290672363,450,0.000194079094696,0.368068514897,348,333
OK,Muskogee County,40101,30,25624.0,69966,0.00117077739619,95,0.000428779692994,0.366235028442,40,334
PA,Lebanon County,42075,22,49882.0,136359,0.000441040856421,557,0.000161338818853,0.365813771002,475,335
IN,Dearborn County,18029,15,18015.0,49506,0.000832639467111,217,0.000302993576536,0.36389528542,107,336
FL,Pinellas County,12103,171,341268.0,938098,0.000501072470903,476,0.000182283727286,0.363787152302,385,337
GA,Paulding County,13223,29,54086.0,148987,0.000536183115779,442,0.000194647855182,0.363024961909,344,338
OR,Multnomah County,41051,125,281051.0,776712,0.000444759136242,547,0.000160934812389,0.361847119653,476,339
MI,Washtenaw County,26161,64,128678.0,356874,0.000497365517027,487,0.000179335003391,0.360569836973,399,340
CA,Mendocino County,6045,21,31668.0,87869,0.000663129973475,326,0.000238992136021,0.360400141119,229,341
MO,Boone County,29019,18,61998.0,172717,0.000290331946192,732,0.000104216724468,0.358957137977,727,342
OH,Jefferson County,39081,23,24265.0,67694,0.000947867298578,154,0.000339764233167,0.358451265991,80,343
OH,Licking County,39089,27,60631.0,169390,0.000445316752156,546,0.000159395477891,0.357937304445,480,344
OH,Clark County,39023,41,48835.0,136554,0.0008395617897,207,0.000300247521127,0.357624090104,115,345
MI,Kent County,26081,53,224998.0,629237,0.000235557649401,789,8.42289947985e-05,0.357572742862,780,346
TX,Taylor County,48441,16,48318.0,135143,0.000331139533921,688,0.000118393109521,0.357532391615,657,347
PA,Lehigh County,42077,64,127898.0,357823,0.000500398755258,478,0.000178859380196,0.357433703256,400,348
WI,Outagamie County,55087,15,65026.0,182006,0.000230676959985,797,8.2414865444e-05,0.357273936024,785,349
WA,Walla Walla County,53071,14,21284.0,59844,0.000657771095659,329,0.000233941581445,0.355658044248,237,350
LA,Avoyelles Parish,22009,10,14592.0,41145,0.000685307017544,310,0.000243042897071,0.354648195406,221,351
PA,Beaver County,42007,37,59909.0,169392,0.000617603365104,370,0.000218428261075,0.353670775479,276,352
TX,Nueces County,48355,64,125611.0,356221,0.000509509517479,472,0.000179663748067,0.352620985287,394,353
LA,Tangipahoa Parish,22105,26,44754.0,127049,0.000580953657774,411,0.000204645451755,0.352257790301,312,354
FL,Sarasota County,12115,51,139516.0,396962,0.000365549471028,652,0.0001284757735,0.351459333639,612,355
FL,Indian River County,12061,23,50872.0,144755,0.000452115112439,541,0.000158889157542,0.351435183586,486,356
OK,Pottawatomie County,40125,17,25178.0,71811,0.000675192628485,318,0.000236732534013,0.350614808316,234,357
IL,Winnebago County,17201,78,101097.0,288542,0.000771536247366,249,0.000270324597459,0.350371869607,161,358
PA,Armstrong County,42005,18,23675.0,67785,0.000760295670539,255,0.000265545474663,0.349266061813,178,359
MO,Platte County,29165,10,33091.0,94788,0.000302196971986,724,0.000105498586319,0.349105371988,718,360
VA,Newport News city,51700,28,63738.0,182965,0.000439298377734,561,0.000153034733419,0.348361708523,505,361
IN,Marion County,18097,257,325275.0,934243,0.000790100684037,240,0.0002750890293,0.34816958757,152,362
AL,Lee County,1081,10,53617.0,154255,0.000186508010519,820,6.48277203332e-05,0.347586788111,830,363
IN,Hendricks County,18063,20,54138.0,156056,0.000369426280986,647,0.000128159122366,0.346913928333,615,364
WI,Fond du Lac County,55039,12,35134.0,101759,0.000341549496214,674,0.000117925687163,0.345266757732,661,365
KY,Franklin County,21073,10,17215.0,49880,0.000580888759802,412,0.000200481154771,0.345128307939,333,366
KS,Wyandotte County,20209,13,55760.0,161636,0.000233142037303,794,8.04276275087e-05,0.344972654607,795,367
VA,Portsmouth city,51740,19,33083.0,96004,0.000574313091316,417,0.000197908420482,0.344600224991,338,368
NH,Coos County,33007,12,10872.0,31653,0.00110375275938,109,0.000379110984741,0.343474552175,61,369
OH,Miami County,39109,19,35660.0,103900,0.000532809871004,448,0.000182868142445,0.343214629451,384,370
NC,Lincoln County,37109,10,27320.0,79829,0.000366032210835,649,0.000125267759837,0.342231519874,630,371
FL,Volusia County,12127,56,173660.0,507531,0.000322469192675,701,0.000110338087723,0.34216629132,690,372
MD,Baltimore city,24510,268,212713.0,622793,0.00125991359249,79,0.000430319544375,0.341546870308,39,373
GA,Clayton County,13063,18,91274.0,267542,0.00019720840546,814,6.72791561699e-05,0.341157650014,827,374
IN,Tippecanoe County,18157,31,62442.0,183074,0.000496460715544,489,0.000169330434688,0.341075193638,434,375
MO,St. Louis County,29189,179,341688.0,1001876,0.00052386972911,455,0.000178664824789,0.341048193589,401,376
ME,Penobscot County,23019,21,52312.0,153414,0.000401437528674,601,0.000136884508585,0.340985829194,562,377
MA,Franklin County,25011,11,24059.0,70862,0.000457209360323,534,0.000155231294629,0.339519065225,498,378
GA,Henry County,13151,28,72492.0,213869,0.000386249517188,627,0.000130921264886,0.338955154791,600,379
SC,Horry County,45051,60,101113.0,298832,0.000593395507996,398,0.000200781710125,0.338360684264,332,380
SC,Charleston County,45019,55,128870.0,381015,0.000426786684255,575,0.00014435127226,0.338228153747,533,381
CA,Stanislaus County,6099,71,179644.0,531997,0.00039522611387,616,0.000133459399207,0.337678595932,582,382
NJ,Atlantic County,34001,66,92565.0,275209,0.000713012477718,283,0.000239817738519,0.336344378273,228,383
OK,Cleveland County,40027,42,90182.0,269908,0.00046572486749,519,0.000155608577738,0.334121256132,496,384
MI,St. Clair County,26147,45,53446.0,160078,0.000841971335554,205,0.000281112957433,0.333874736066,137,385
KY,Russell County,21207,15,5927.0,17774,0.00253079129408,14,0.000843929334984,0.33346461123,6,386
OR,Clackamas County,41005,43,131394.0,394972,0.000327259996651,695,0.000108868476753,0.332666619406,694,387
IL,Macon County,17115,12,35816.0,108350,0.000335045789591,683,0.00011075219197,0.330558375635,689,388
GA,Chatham County,13051,25,93666.0,283379,0.000266905814276,765,8.82210749562e-05,0.330532608274,773,389
CA,Nevada County,6057,20,32594.0,98893,0.000613609866847,375,0.000202238783331,0.329588545195,323,390
IN,Johnson County,18081,25,48589.0,147538,0.000514519747268,464,0.000169447871057,0.329332104271,433,391
AR,Benton County,5007,32,79372.0,242321,0.000403164844026,597,0.000132056239451,0.327548994928,592,392
FL,Brevard County,12009,106,182173.0,556885,0.000581864491445,409,0.000190344505598,0.327128581305,362,393
PA,Schuylkill County,42107,31,47662.0,145797,0.000650413327179,339,0.000212624402423,0.326906589299,290,394
OH,Adams County,39001,11,9156.0,28129,0.00120139799039,90,0.00039105549433,0.32550037328,55,395
FL,Duval County,12031,145,290648.0,897698,0.000498885249511,484,0.000161524254259,0.323770354841,474,396
IA,Polk County,19153,59,148657.0,459862,0.000396886793087,610,0.000128299359373,0.323264370616,613,397
PA,Erie County,42049,54,90000.0,278443,0.0006,391,0.000193935563113,0.323225938522,349,398
WA,Skagit County,53057,15,38638.0,120365,0.000388218851907,625,0.000124620944627,0.321006937233,631,399
TX,Lubbock County,48303,36,93991.0,293974,0.000383015395091,633,0.000122459809371,0.319725553961,641,400
GA,Houston County,13153,12,47472.0,149111,0.000252780586451,777,8.0476960117e-05,0.318366854223,794,401
IL,Madison County,17119,85,84820.0,266560,0.001002122141,139,0.00031887755102,0.318202280912,97,402
OK,Le Flore County,40079,12,15824.0,49761,0.000758341759353,257,0.000241152709954,0.318000040192,226,403
WA,Lewis County,53041,14,23797.0,75128,0.000588309450771,400,0.000186348631669,0.316752741987,374,404
KY,Hardin County,21093,16,34243.0,108266,0.000467248780773,515,0.000147784161233,0.316285814568,522,405
MO,Lincoln County,29113,11,17147.0,54249,0.000641511634688,348,0.000202768714631,0.31607955907,321,406
GA,Troup County,13285,10,21930.0,69469,0.000455996352029,536,0.000143949099598,0.315680375419,535,407
TX,Parker County,48367,16,38820.0,123164,0.000412158681092,588,0.000129908090026,0.315189503426,604,408
MO,Franklin County,29071,22,32135.0,102084,0.000684611793994,311,0.000215508796677,0.314789780965,287,409
UT,Washington County,49053,23,47735.0,151948,0.000481826751859,503,0.000151367573117,0.314153526206,511,410
LA,Orleans Parish,22071,117,120494.0,384320,0.000971002705529,147,0.000304433805162,0.313525187344,105,411
WA,Spokane County,53063,60,151549.0,484318,0.000395911553359,613,0.000123885546273,0.312912177536,634,412
MT,Flathead County,30029,11,29617.0,94924,0.000371408312793,645,0.000115882179428,0.312007500737,671,413
KS,Sedgwick County,20173,88,158620.0,508803,0.000554785020804,431,0.000172954955061,0.311751306498,421,414
NH,Grafton County,33009,14,27932.0,89658,0.000501217241873,475,0.000156148921457,0.311539405296,494,415
FL,Highlands County,12055,13,30486.0,98236,0.000426425244374,576,0.000132334378436,0.310334296999,589,416
FL,St. Lucie County,12111,40,90077.0,291028,0.000444064522575,550,0.000137443819839,0.30951317399,559,417
WI,Winnebago County,55139,27,52460.0,169511,0.00051467784979,462,0.000159281698533,0.309478440927,482,418
FL,Clay County,12019,28,61785.0,199798,0.000453184429878,539,0.000140141542958,0.309237329703,546,419
OR,Deschutes County,41017,17,52477.0,170388,0.000323951445395,699,9.97722844332e-05,0.307985304129,741,420
NC,Cumberland County,37051,44,100092.0,326328,0.000439595572074,559,0.000134833664289,0.306722071045,572,421
MD,Washington County,24043,45,45700.0,149573,0.000984682713348,145,0.000300856437993,0.305536427029,114,422
OK,Delaware County,40041,13,12621.0,41446,0.00103002931622,131,0.000313661149447,0.304516720552,99,423
WI,Rock County,55105,30,48885.0,161188,0.000613685179503,374,0.000186118073306,0.303279400452,375,424
NV,Washoe County,32031,78,133424.0,440078,0.00058460247032,404,0.000177241307223,0.303182617627,404,425
TX,Tom Green County,48451,10,35322.0,116608,0.000283109676689,739,8.57574094402e-05,0.302912321625,778,426
MI,Wayne County,26163,453,534460.0,1764804,0.000847584477791,202,0.000256685728274,0.30284382855,195,427
TX,Johnson County,48251,17,47678.0,157456,0.000356558580477,659,0.000107966670054,0.302802052637,698,428
TX,Kaufman County,48257,15,33666.0,111236,0.000445553377295,545,0.000134848430364,0.30265381711,571,429
ID,Bonneville County,16019,22,32800.0,108623,0.000670731707317,321,0.000202535374644,0.301961831288,322,430
PA,Montgomery County,42091,133,246179.0,816857,0.000540257292458,439,0.000162819196016,0.301373435008,464,431
MT,Missoula County,30063,12,33926.0,112684,0.000353711018098,664,0.000106492492279,0.301072024422,708,432
OR,Linn County,41043,26,35904.0,119356,0.000724153297683,279,0.000217835718355,0.300814370455,280,433
CA,Placer County,6061,36,111510.0,371694,0.000322841000807,700,9.6853863662e-05,0.300004842693,748,434
DE,Sussex County,10005,38,63233.0,210849,0.000600952034539,390,0.000180223762029,0.299897082746,390,435
VA,Norfolk city,51710,32,73435.0,245428,0.000435759515218,564,0.000130384471209,0.299211988852,603,436
MO,Jefferson County,29099,74,66539.0,222716,0.00111212972843,107,0.00033226171447,0.29876165161,86,437
NJ,Camden County,34007,128,152464.0,511038,0.000839542449365,208,0.000250470610796,0.298341806284,207,438
CA,Amador County,6005,12,10945.0,36742,0.00109639104614,111,0.000326601709216,0.297887975614,91,439
OK,Garfield County,40047,14,18773.0,63091,0.000745751877697,264,0.000221901697548,0.297554326291,268,440
PA,Bradford County,42015,10,18372.0,61784,0.000544306553451,436,0.000161854201735,0.297358539428,473,441
KS,Shawnee County,20177,27,52948.0,178406,0.000509934275138,471,0.000151340201563,0.296783740457,512,442
CA,San Luis Obispo County,6079,28,82821.0,279083,0.000338078506659,679,0.000100328576087,0.296761178574,740,443
SD,Minnehaha County,46099,21,54268.0,182882,0.000386968379155,626,0.00011482814055,0.296737787207,672,444
OK,Grady County,40051,12,15974.0,53854,0.000751220733692,261,0.000222824674119,0.296616778698,266,445
PA,Butler County,42019,38,55078.0,185943,0.000689930643814,305,0.000204363702855,0.296209053312,313,446
MI,Lenawee County,26091,19,29333.0,99047,0.000647734633348,345,0.000191828122003,0.296152331721,359,447
NC,Carteret County,37031,15,20373.0,68811,0.000736268590782,272,0.000217988403017,0.296071848978,279,448
MS,Rankin County,28121,12,43700.0,148070,0.000274599542334,753,8.10427500507e-05,0.295130681434,792,449
IL,Vermilion County,17183,18,23521.0,79728,0.000765273585307,251,0.000225767609874,0.29501555288,257,450
MI,Macomb County,26099,252,253243.0,860112,0.000995091670846,143,0.000292985099615,0.294430260245,121,451
MI,Monroe County,26115,38,43997.0,149824,0.000863695251949,195,0.000253630926954,0.293657891927,205,452
IA,Black Hawk County,19013,12,38979.0,132897,0.000307858077426,718,9.02954919976e-05,0.293302331881,769,453
TX,Henderson County,48213,16,23244.0,79290,0.000688349681638,306,0.000201790894186,0.293151721529,327,454
ID,Kootenai County,16055,10,43088.0,147326,0.000232083178611,796,6.78766816448e-05,0.292467045871,826,455
GA,Cherokee County,13057,36,67509.0,230985,0.000533262231702,445,0.000155854276252,0.292265731541,495,456
WA,Benton County,53005,24,54398.0,186486,0.000441192690908,555,0.000128695987903,0.291700181247,610,457
LA,Calcasieu Parish,22019,30,57354.0,197204,0.00052306726645,456,0.000152126731709,0.290835885682,507,458
NY,Ontario County,36069,12,31904.0,109707,0.000376128385155,640,0.000109382263666,0.290810978333,692,459
OH,Cuyahoga County,39035,278,365769.0,1259828,0.000760042540511,256,0.000220665043165,0.290332489832,271,460
VA,Hanover County,51085,11,29443.0,101918,0.000373603233366,643,0.000107929904433,0.288889106929,699,461
OK,Rogers County,40131,16,25936.0,89815,0.000616903146206,372,0.00017814396259,0.288771363358,402,462
DE,Kent County,10001,35,49623.0,171987,0.000705318098462,288,0.000203503753191,0.288527621274,316,463
PA,Wayne County,42127,12,14811.0,51401,0.000810208628722,229,0.000233458493025,0.288146145017,238,464
IA,Dubuque County,19061,11,27714.0,96370,0.000396911308364,609,0.000114143405624,0.287579122133,678,465
IL,Sangamon County,17167,38,57182.0,198997,0.000664544786821,324,0.000190957652628,0.287351065594,361,466
LA,Lafourche Parish,22057,25,28159.0,98020,0.000887815618452,186,0.000255049989798,0.287278106509,199,467
OH,Ashtabula County,39007,29,28437.0,99175,0.0010197981503,132,0.000292412402319,0.28673556844,123,468
NH,Merrimack County,33013,37,42171.0,147171,0.000877380190178,190,0.000251408225805,0.286544224066,206,469
CA,Tulare County,6107,34,131013.0,458198,0.000259516231214,772,7.42037285191e-05,0.285930973073,809,470
MO,Clay County,29047,25,66602.0,233682,0.00037536410318,641,0.000106982993983,0.285011254611,705,471
ID,Ada County,16001,56,121442.0,426236,0.000461125475536,526,0.000131382614326,0.284917275875,596,472
AZ,Yavapai County,4025,57,62314.0,218844,0.000914722213307,174,0.000260459505401,0.284741642449,190,473
MI,Berrien County,26021,36,44186.0,155233,0.000814737699724,227,0.000231909452243,0.284643084911,243,474
PA,Dauphin County,42043,59,77215.0,271453,0.000764100239591,253,0.000217348859655,0.284450715225,281,475
CO,Arapahoe County,8005,101,175753.0,618821,0.000574670133653,416,0.000163213594884,0.284012662789,463,476
GA,Barrow County,13013,13,20795.0,73240,0.000625150276509,363,0.000177498634626,0.283929546696,403,477
MT,Yellowstone County,30111,21,44180.0,155634,0.000475328202807,510,0.000134931955742,0.283871133557,569,478
OH,Belmont County,39013,16,19514.0,69461,0.000819924157015,225,0.000230345085732,0.280934625185,244,479
AZ,Gila County,4007,17,14906.0,53119,0.00114048034349,99,0.000320036145259,0.280615222425,95,480
AR,White County,5145,10,22001.0,78592,0.000454524794328,538,0.000127239413681,0.279939434039,618,481
WA,Clallam County,53009,10,20289.0,72715,0.000492877914141,496,0.000137523207041,0.279020834766,558,482
WI,Manitowoc County,55071,13,22238.0,80160,0.000584584944689,405,0.000162175648703,0.277420159681,468,483
PA,Indiana County,42063,12,24327.0,87706,0.000493279072635,495,0.000136820742024,0.277369849269,564,484
WI,Waukesha County,55133,50,108967.0,395118,0.000458854515587,532,0.000126544475321,0.275783436847,621,485
MD,Baltimore County,24005,192,227566.0,826925,0.000843711274971,203,0.000232185506545,0.275195453034,242,486
IA,Pottawattamie County,19155,10,25551.0,93128,0.000391374114516,618,0.000107379091143,0.27436431578,704,487
NY,Broome County,36007,37,53967.0,197349,0.000685604165509,309,0.000187485115202,0.273459708435,369,488
WI,Jefferson County,55055,17,23046.0,84395,0.000737655124534,271,0.000201433734226,0.273073049351,328,489
CA,Solano County,6095,70,117636.0,431131,0.000595055935258,396,0.000162363643533,0.272854422438,465,490
IN,Elkhart County,18039,28,54820.0,201971,0.00051076249544,470,0.000138633764253,0.271425105584,550,491
FL,Manatee County,12081,88,95360.0,351746,0.000922818791946,167,0.000250180527995,0.271104717609,208,492
AR,Lonoke County,5085,15,19344.0,71557,0.000775434243176,245,0.00020962309767,0.270329946756,300,493
FL,Polk County,12105,80,171485.0,634638,0.000466513106103,517,0.000126056113879,0.270209158607,624,494
MI,Ottawa County,26139,31,74613.0,276292,0.000415477195663,583,0.000112200136088,0.270051250127,683,495
MD,Wicomico County,24045,15,27264.0,101539,0.000550176056338,433,0.000147726489329,0.268507667005,523,496
FL,Lee County,12071,80,181656.0,679513,0.000440392830405,558,0.000117731375264,0.267332633813,663,497
ID,Bingham County,16011,10,12027.0,45269,0.000831462542612,219,0.000220901720824,0.265678499636,270,498
IL,St. Clair County,17163,46,70541.0,265729,0.000652103032279,337,0.000173108693443,0.265462181395,419,499
MA,Berkshire County,25003,27,34127.0,128715,0.000791162422715,239,0.000209765761566,0.265136153517,298,500
SC,Berkeley County,45015,26,52523.0,198205,0.000495021228795,491,0.000131177316415,0.264993315002,599,501
MO,Jackson County,29095,113,180415.0,683191,0.000626333730566,362,0.000165400305332,0.264076956517,454,502
OH,Lorain County,39093,76,80207.0,304216,0.000947548218983,155,0.000249822494543,0.263651484472,211,503
FL,Osceola County,12097,36,81516.0,310211,0.000441631090829,553,0.000116050043358,0.262775981509,670,504
WI,Monroe County,55081,11,11855.0,45379,0.000927878532265,165,0.000242402873576,0.26124418784,223,505
NM,Eddy County,35015,15,14725.0,56395,0.00101867572156,133,0.000265981026687,0.261104707864,176,506
OH,Franklin County,39049,228,321516.0,1231393,0.000709140447132,286,0.000185156160543,0.261099421549,378,507
PA,York County,42133,115,115047.0,440755,0.000999591471312,142,0.00026091592835,0.261022563556,188,508
ID,Bannock County,16005,28,21755.0,83347,0.00128706044587,75,0.000335944905036,0.26101719318,83,509
VT,Bennington County,50003,10,9508.0,36445,0.00105174589819,127,0.000274386061188,0.260886266978,154,510
KY,Boone County,21015,30,32925.0,126413,0.000911161731207,175,0.000237317364512,0.260455807551,232,511
OH,Lake County,39085,56,59553.0,229230,0.000940338857824,162,0.000244296121799,0.259795838241,220,512
NY,Tioga County,36107,13,12953.0,49870,0.00100362850305,137,0.000260677762182,0.259735311811,189,513
ME,Cumberland County,23005,48,74746.0,287797,0.000642174832098,347,0.000166784226382,0.25971778719,446,514
IN,Morgan County,18109,19,18089.0,69693,0.00105036209851,128,0.00027262422338,0.259552609301,158,515
NM,Santa Fe County,35049,38,38407.0,148164,0.000989402973416,144,0.000256472557436,0.259219513512,196,516
OR,Washington County,41067,41,145843.0,562998,0.000281124222623,741,7.28244150068e-05,0.259047101411,816,517
CO,Jefferson County,8059,75,144603.0,558503,0.000518661438559,458,0.000134287550828,0.258911769498,577,518
TN,Rutherford County,47149,30,74742.0,288906,0.000401380749779,602,0.000103840003323,0.258706984279,728,519
NY,Chautauqua County,36013,19,34119.0,132053,0.000556874468771,430,0.000143881623288,0.258373531839,537,520
MN,Stearns County,27145,11,39455.0,152912,0.000278798631352,747,7.19368002511e-05,0.258024223083,820,521
IA,Scott County,19163,17,44175.0,171387,0.000384833050368,629,9.91907204164e-05,0.257750004376,743,522
WA,Mason County,53045,10,15624.0,60711,0.000640040962622,349,0.00016471479633,0.257350397786,457,523
FL,Columbia County,12023,11,17463.0,67857,0.000629903223959,355,0.000162105604433,0.257350015474,471,524
TN,Montgomery County,47125,26,48760.0,189961,0.000533223954061,446,0.000136870199673,0.256684266771,563,525
MA,Hampden County,25013,66,120144.0,468161,0.000549340791051,435,0.000140977142479,0.256629663727,543,526
NY,Sullivan County,36105,18,19461.0,75943,0.00092492677663,166,0.000237019870166,0.256257982961,233,527
OH,Darke County,39037,13,13328.0,52196,0.000975390156062,146,0.000249061230746,0.255345237183,214,528
CA,Lassen County,6035,12,8054.0,31749,0.00148994288552,50,0.000377964660304,0.253677281174,62,529
TX,Guadalupe County,48187,12,37340.0,147250,0.000321371183717,702,8.1494057725e-05,0.253582342954,790,530
SC,Dorchester County,45035,15,37647.0,148469,0.00039843812256,608,0.000101031191697,0.25356808492,738,531
MN,Ramsey County,27123,60,135042.0,532655,0.000444306215844,549,0.000112643268157,0.25352620364,682,532
AZ,Pima County,4019,212,254608.0,1004516,0.000832652548231,216,0.000211046912145,0.253463359469,293,533
NY,Erie County,36029,141,232343.0,922835,0.000606861407488,380,0.000152790043724,0.251770901624,506,534
PA,Northampton County,42095,28,75662.0,300654,0.000370066876371,646,9.31303092591e-05,0.251658052113,760,535
FL,Seminole County,12117,53,111119.0,442516,0.000476966135404,508,0.000119769680644,0.251107304595,653,536
FL,Hillsborough County,12057,146,328482.0,1316298,0.000444468798899,548,0.000110917132747,0.249549873965,688,537
IL,Kankakee County,17091,22,27765.0,111375,0.000792364487664,238,0.000197530864198,0.249292929293,339,538
NM,Taos County,35055,10,8224.0,33084,0.00121595330739,86,0.000302260911619,0.248579373715,110,539
WI,Kenosha County,55059,43,41572.0,168068,0.0010343500433,130,0.000255848823095,0.24735226218,197,540
NJ,Gloucester County,34015,66,71857.0,290951,0.000918490891632,171,0.000226842320528,0.246972857973,254,541
AR,Saline County,5125,16,28565.0,115719,0.000560126028356,426,0.00013826597188,0.246847967922,555,542
NM,Bernalillo County,35001,188,166615.0,675551,0.00112834978843,102,0.00027829135032,0.246635709221,142,543
PA,Cumberland County,42041,30,59978.0,243762,0.00050018340058,480,0.000123070864204,0.24605147644,638,544
IN,Lake County,18089,61,120541.0,490228,0.000506051882762,474,0.000124431896995,0.245887627798,632,545
IL,Whiteside County,17195,12,13976.0,56876,0.000858614768174,198,0.000210985301357,0.245727547648,294,546
NC,Mecklenburg County,37119,97,248692.0,1012539,0.000390040692905,621,9.57987791088e-05,0.245612267774,753,547
FL,St. Johns County,12109,19,53364.0,217919,0.000356045273967,660,8.71883589774e-05,0.244879978341,774,548
SD,Pennington County,46103,10,26480.0,108242,0.000377643504532,639,9.23855804586e-05,0.244637017054,764,549
MN,Washington County,27163,24,60575.0,249283,0.000396203054065,612,9.62761199119e-05,0.242996915153,751,550
NJ,Warren County,34041,17,25973.0,106917,0.000654525853771,334,0.000159001842551,0.242926756269,485,551
NJ,Burlington County,34005,73,109193.0,449722,0.000668541023692,322,0.000162322501456,0.24280110824,467,552
CA,Napa County,6055,11,34352.0,141667,0.000320214252445,706,7.7646876125e-05,0.242484135331,804,553
RI,Providence County,44007,164,152893.0,631974,0.00107264557566,119,0.000259504346698,0.241929256583,192,554
WA,Yakima County,53077,26,59759.0,247687,0.000435080908315,566,0.000104971193482,0.241268213511,722,555
WA,Thurston County,53067,25,64115.0,265851,0.000389924354675,622,9.40376376241e-05,0.241168925451,758,556
CA,Sacramento County,6067,232,357129.0,1482026,0.000649625205458,341,0.000156542462818,0.240973505188,491,557
RI,Kent County,44003,43,39741.0,165128,0.00108200598878,117,0.000260404050191,0.24066784555,191,558
MS,Madison County,28089,14,24468.0,101688,0.000572175903221,419,0.000137676028637,0.240618362049,556,559
WA,Grays Harbor County,53027,15,17009.0,70818,0.000881886060321,188,0.000211810556638,0.240179050524,291,560
GA,Fayette County,13113,13,26325.0,109664,0.000493827160494,492,0.000118543915961,0.240051429822,655,561
OR,Marion County,41047,27,78143.0,326110,0.000345520392102,672,8.27941492135e-05,0.239621600074,784,562
ME,Hancock County,23009,12,13091.0,54696,0.00091666030097,172,0.000219394471259,0.239341085271,274,563
FL,Leon County,12073,19,67909.0,283988,0.000279786184453,743,6.69042353902e-05,0.239126301111,828,564
CA,San Joaquin County,6077,115,170844.0,715597,0.000673128702208,319,0.000160704977802,0.238743315022,478,565
VA,Henrico County,51087,34,76734.0,321924,0.00044308911304,552,0.000105614989873,0.238360606851,716,566
WV,Berkeley County,54003,45,26313.0,110497,0.00171018127922,37,0.000407250875589,0.238133161986,48,567
NE,Douglas County,31055,44,129075.0,543244,0.000340887081154,675,8.09949120469e-05,0.237600415283,793,568
GA,Fulton County,13121,141,236696.0,996319,0.000595700814547,394,0.000141520938575,0.237570496999,541,569
NY,Albany County,36001,39,73140.0,308171,0.000533223954061,447,0.000126553114991,0.237335764884,620,570
TX,McLennan County,48309,20,57715.0,243441,0.000346530364723,671,8.21554298577e-05,0.237080031712,787,571
NY,Oneida County,36065,39,55117.0,232871,0.000707585681369,287,0.000167474696291,0.236684688089,443,572
TN,Shelby County,47157,161,221994.0,938803,0.000725244826437,278,0.00017149497818,0.236464945255,427,573
MA,Suffolk County,25025,138,181347.0,767254,0.000760972059091,254,0.000179862209907,0.236358494058,392,574
WI,Brown County,55009,24,60636.0,256670,0.000395804472591,614,9.35052791522e-05,0.236241087778,759,575
NC,Yadkin County,37197,12,8925.0,37792,0.00134453781513,67,0.000317527519052,0.236161092295,98,576
PA,Centre County,42027,16,37318.0,158742,0.000428747521303,571,0.000100792480881,0.235085862595,739,577
GA,Coweta County,13077,14,31743.0,135571,0.000441042119522,556,0.000103266922867,0.234142995183,730,578
NC,Alamance County,37001,19,36461.0,155792,0.000521104742053,457,0.000121957481771,0.234036407518,643,579
WA,Whatcom County,53073,16,48722.0,208351,0.000328393744099,694,7.67934879122e-05,0.233845769879,808,580
PA,Greene County,42059,11,8842.0,37843,0.00124406242931,82,0.00029067462939,0.233649552097,126,581
CO,Boulder County,8013,49,72830.0,313333,0.000672799670465,320,0.000156383145088,0.232436417486,492,582
PA,Philadelphia County,42101,505,361506.0,1560297,0.00139693393747,58,0.000323656329532,0.231690505077,92,583
IL,Rock Island County,17161,12,33781.0,146063,0.000355229270892,663,8.21563298029e-05,0.231276914756,786,584
TX,Midland County,48329,17,35983.0,155830,0.000472445321402,511,0.000109093242636,0.230911891163,693,585
ND,Cass County,38017,14,38534.0,167005,0.000363315513572,653,8.38298254543e-05,0.230735606718,781,586
CT,Litchfield County,9005,50,42621.0,184993,0.00117313061636,93,0.0002702804971,0.230392501338,162,587
SC,Richland County,45079,42,92355.0,401566,0.000454766931947,537,0.000104590528083,0.229987100502,724,588
CO,Adams County,8001,105,110346.0,480718,0.000951552389756,152,0.000218423275184,0.229544140224,277,589
IA,Linn County,19113,28,49849.0,217751,0.000561696322895,424,0.000128587239553,0.228926618018,611,590
NY,Clinton County,36019,13,18686.0,81632,0.000695708016697,297,0.00015925127401,0.228905331243,483,591
LA,Washington Parish,22117,14,10563.0,46286,0.00132538104705,73,0.000302467268721,0.22821155425,109,592
MA,Bristol County,25005,154,126373.0,554194,0.00121861473574,85,0.00027788103083,0.228030256553,144,593
CA,Merced County,6047,32,60707.0,266353,0.000527122078179,451,0.000120141316223,0.227919340124,652,594
FL,Okaloosa County,12091,17,44733.0,196512,0.000380032638097,638,8.65087119362e-05,0.227634953591,777,595
PA,Bucks County,42017,143,142577.0,626685,0.00100296681793,138,0.000228184813742,0.227509833489,251,596
ME,York County,23031,41,45642.0,200710,0.000898295429648,180,0.000204274824373,0.227402720343,314,597
NC,Union County,37179,20,49442.0,218568,0.000404514380486,596,9.15047033418e-05,0.226208777131,768,598
CA,Imperial County,6025,28,40360.0,179091,0.000693756194252,300,0.000156345098302,0.225360291695,493,599
PA,Delaware County,42045,152,126527.0,562960,0.00120132461846,91,0.00027000142106,0.224753090806,165,600
OK,Comanche County,40031,34,28008.0,125033,0.00121393887461,87,0.000271928210952,0.224004862716,160,601
CO,Larimer County,8069,36,72516.0,324122,0.000496442164488,490,0.000111069288725,0.223730570588,687,602
PA,Lancaster County,42071,71,119211.0,533320,0.000595582622409,395,0.000133128328208,0.223526213155,584,603
SC,Lexington County,45063,49,61653.0,277888,0.000794770732973,234,0.000176330032243,0.221862764855,406,604
VA,Chesterfield County,51041,24,73734.0,332499,0.000325494344536,697,7.21806682125e-05,0.221757057916,818,605
CA,Sonoma County,6097,77,110794.0,500292,0.00069498348286,298,0.000153910116492,0.221458668138,504,606
MA,Barnstable County,25001,52,47538.0,214914,0.0010938617527,113,0.000241957248015,0.221195454926,225,607
WI,Washington County,55131,21,29416.0,133251,0.000713897198803,281,0.000157597316343,0.220756317026,488,608
TX,Tarrant County,48439,205,429431.0,1945360,0.00047737587645,507,0.000105378952996,0.220746288605,719,609
NJ,Cape May County,34009,20,20908.0,95344,0.000956571647216,150,0.000209766739386,0.219290149354,297,610
GA,Forsyth County,13117,31,44720.0,204302,0.000693202146691,301,0.0001517361553,0.218891640806,510,611
MS,DeSoto County,28033,21,37388.0,170913,0.000561677543597,425,0.000122869530112,0.218754571039,639,612
KS,Johnson County,20091,47,125475.0,574272,0.000374576608886,642,8.18427504736e-05,0.218494023738,789,613
NY,Onondaga County,36067,76,102188.0,468196,0.000743727247818,267,0.000162325180053,0.218259019727,466,614
TX,San Patricio County,48409,13,14597.0,66915,0.000890593957663,184,0.000194276320705,0.218142419487,345,615
SC,Aiken County,45003,29,35933.0,164753,0.000807057579384,231,0.000176021073971,0.218102250035,409,616
VA,Hampton city,51650,11,29792.0,136879,0.000369226638024,648,8.03629482974e-05,0.21765208688,796,617
TX,Dallas County,48113,331,546505.0,2518638,0.00060566691979,382,0.000131420235858,0.216984338361,595,618
IA,Johnson County,19103,18,30849.0,142287,0.000583487309151,407,0.00012650488098,0.216808281853,622,619
MD,Queen Anne's County,24035,11,10575.0,48804,0.0010401891253,129,0.000225391361364,0.216683058766,259,620
DE,New Castle County,10003,97,119258.0,552778,0.000813362625568,228,0.000175477316391,0.215743028847,413,621
NC,Granville County,37077,10,12592.0,58500,0.00079415501906,236,0.00017094017094,0.215247863248,429,622
GA,Cobb County,13067,113,157247.0,730981,0.000718614663555,280,0.000154586781325,0.215117766399,501,623
MO,Cass County,29037,13,21687.0,100889,0.000599437451008,392,0.00012885448364,0.214959014362,608,624
FL,Santa Rosa County,12113,15,35001.0,163422,0.000428559184023,572,9.17869075155e-05,0.214175569997,766,625
CO,Mesa County,8077,21,31627.0,148255,0.000663989629114,325,0.000141647836498,0.213328386901,540,626
MN,Olmsted County,27109,20,32003.0,150287,0.000624941411743,365,0.000133078709403,0.212945896851,585,627
OH,Knox County,39083,10,13014.0,61167,0.00076840325803,250,0.000163486847483,0.212761783315,462,628
OH,Clermont County,39025,84,42738.0,201560,0.00196546398989,28,0.000416749355031,0.212036118277,45,629
TX,Bexar County,48029,196,391718.0,1855866,0.000500359952823,479,0.000105611073213,0.211070195801,717,630
TX,Orange County,48361,14,17572.0,83433,0.000796722057819,233,0.000167799312023,0.210612107919,440,631
PA,Franklin County,42055,22,32148.0,152892,0.000684334950852,312,0.000143892420794,0.210266070167,536,632
FL,Collier County,12021,43,73117.0,348777,0.000588098527018,401,0.000123287946166,0.209638250229,637,633
WI,Sheboygan County,55117,10,24153.0,115290,0.000414027242993,587,8.67377916558e-05,0.209497788186,776,634
WI,Dane County,55025,70,107893.0,516284,0.000648790931756,344,0.000135584290817,0.208979941273,568,635
VT,Chittenden County,50007,21,33484.0,160531,0.000627165213236,361,0.000130815854882,0.208582765946,601,636
CA,Fresno County,6019,140,201447.0,965974,0.000694971878459,299,0.000144931437078,0.208542880036,531,637
CA,Contra Costa County,6013,124,231450.0,1111339,0.000535752862389,443,0.000111577115534,0.208262285405,685,638
FL,Monroe County,12087,10,16017.0,77136,0.000624336642318,366,0.000129641153288,0.207646235221,605,639
NV,Clark County,32003,357,429229.0,2069681,0.00083172385836,218,0.000172490349962,0.207388964773,422,640
VA,Spotsylvania County,51177,16,26758.0,129188,0.000597952014351,393,0.000123850512431,0.207124500728,636,641
NE,Lancaster County,31109,24,62370.0,301795,0.0003848003848,630,7.95241803211e-05,0.206663463609,799,642
MA,Hampshire County,25015,29,33252.0,160939,0.000872127992301,193,0.000180192495293,0.206612443224,391,643
NM,Rio Arriba County,35039,41,8121.0,39777,0.00504863933013,2,0.00103074641124,0.204163209895,2,644
PA,Berks County,42011,67,84383.0,413691,0.000793998791226,237,0.000161956629465,0.20397591439,472,645
FL,Palm Beach County,12099,196,285050.0,1397710,0.000687598666901,307,0.000140229375192,0.203940731625,545,646
WI,Walworth County,55127,13,21107.0,103527,0.000615909413939,373,0.000125571107054,0.203879181276,627,647
NY,Tompkins County,36109,14,21319.0,104691,0.00065669121441,331,0.000133726872415,0.20363737093,581,648
SC,Beaufort County,45013,12,35800.0,175852,0.000335195530726,682,6.82392011464e-05,0.20358028342,824,649
NY,Monroe County,36055,114,152414.0,749857,0.000747962785571,263,0.00015202898686,0.203257421082,508,650
WI,Racine County,55101,40,39544.0,195163,0.00101153145863,135,0.000204956882196,0.202620373739,311,651
VA,Virginia Beach city,51810,47,91352.0,450980,0.000514493388213,465,0.000104217481928,0.202563306577,726,652
CT,Hartford County,9003,170,181774.0,897985,0.000935227260224,164,0.000189312739077,0.202424316665,364,653
PA,Susquehanna County,42115,17,8474.0,41920,0.00200613641728,23,0.000405534351145,0.202146946565,49,654
MN,Hennepin County,27053,147,244574.0,1212064,0.00060104508247,389,0.00012128072445,0.201783074161,646,655
TX,Montgomery County,48339,38,104593.0,518947,0.000363313032421,654,7.32252041153e-05,0.201548520369,815,656
CT,New Haven County,9009,144,173211.0,861277,0.000831355976237,220,0.000167193597414,0.20110951529,444,657
NY,Steuben County,36101,12,19754.0,98394,0.000607471904424,379,0.000121958656016,0.200764274244,642,658
WY,Natrona County,56025,18,16281.0,81624,0.00110558319514,108,0.000220523375478,0.19946339312,272,659
AZ,Maricopa County,4013,670,814803.0,4087191,0.0008222846504,222,0.000163926765351,0.199355254012,461,660
RI,Bristol County,44001,13,9759.0,49060,0.00133210369915,70,0.000264981655116,0.198919690175,180,661
IA,Woodbury County,19193,11,20304.0,102271,0.000541765169425,438,0.00010755737208,0.198531352974,702,662
NH,Cheshire County,33005,11,15085.0,76115,0.000729201193238,274,0.000144518163306,0.198186953951,532,663
WA,Clark County,53011,48,89182.0,451008,0.000538225202395,440,0.000106428267348,0.197739286221,709,664
AZ,Coconino County,4005,29,27206.0,137682,0.00106594133647,123,0.000210630292994,0.197600267283,295,665
NJ,Ocean County,34029,130,115464.0,586301,0.00112589205293,103,0.000221729111838,0.196936385918,269,666
SC,York County,45091,36,48296.0,245346,0.000745403346033,265,0.000146731554621,0.196848532277,525,667
NM,Chaves County,35005,10,12928.0,65878,0.000773514851485,247,0.000151795743647,0.196241537387,509,668
CA,San Bernardino County,6071,109,414295.0,2112619,0.000263097551262,770,5.15947267349e-05,0.196104929474,842,669
CA,Riverside County,6065,308,456003.0,2329271,0.000675434152845,317,0.0001322302128,0.195770693921,590,670
IL,La Salle County,17099,19,21740.0,111241,0.000873965041398,192,0.000170800334409,0.195431540529,430,671
MA,Worcester County,25027,143,158445.0,813475,0.000902521379659,176,0.000175789053136,0.194775500169,412,672
TX,Travis County,48453,125,223972.0,1151145,0.00055810547747,429,0.000108587536757,0.19456454226,696,673
AZ,Cochise County,4003,18,24773.0,127448,0.000726597505349,276,0.000141234071935,0.19437731467,542,674
NJ,Cumberland County,34011,34,30529.0,157389,0.00111369517508,106,0.000216025262248,0.193971624446,283,675
MI,Ionia County,26067,16,12399.0,64294,0.00129042664731,74,0.000248856814011,0.192848477307,215,676
IL,DuPage County,17043,92,179652.0,932708,0.00051210117338,468,9.8637515707e-05,0.19261333665,744,677
NJ,Monmouth County,34025,109,120835.0,629279,0.000902056523358,177,0.000173214106938,0.192021345063,418,678
WA,Pierce County,53053,102,159485.0,831928,0.000639558579177,350,0.000122606764047,0.191705291804,640,679
CT,Tolland County,9013,28,29000.0,151367,0.000965517241379,148,0.000184980874299,0.191587334095,380,680
FL,Orange County,12095,157,240046.0,1253001,0.000654041308749,336,0.000125299181725,0.191576862269,629,681
CA,Santa Barbara County,6083,49,83963.0,440668,0.000583590391006,406,0.000111194822406,0.190535732116,686,682
TX,Bell County,48027,19,62545.0,329140,0.00030378127748,723,5.77261955399e-05,0.190025521055,837,683
TX,Ector County,48135,33,29243.0,153904,0.00112847519064,101,0.000214419378314,0.190008056971,288,684
CA,Kern County,6029,201,165587.0,874589,0.00121386340715,88,0.000229822236502,0.189331217292,245,685
IL,McLean County,17113,23,32674.0,174061,0.000703923608986,290,0.00013213758395,0.187715800782,591,686
ID,Canyon County,16027,23,38101.0,203143,0.000603658696622,385,0.000113220736132,0.187557533363,680,687
CA,Yolo County,6113,25,38879.0,207590,0.000643020653823,346,0.000120429693145,0.187287441592,651,688
CO,Weld County,8123,39,51773.0,277670,0.000753288393564,260,0.000140454496345,0.186455144596,544,689
CA,Kings County,6031,25,27918.0,150269,0.000895479618884,182,0.000166368312826,0.185786822299,449,690
GA,Gwinnett County,13135,50,162932.0,877922,0.000306876488351,720,5.69526677769e-05,0.185588241324,839,691
UT,Weber County,49057,62,44624.0,240475,0.00138938687702,62,0.00025782305853,0.185566067159,194,692
KS,Douglas County,20045,12,21434.0,116585,0.000559858169264,427,0.000102929193292,0.183848694086,732,693
CA,Santa Cruz County,6087,58,49800.0,271804,0.00116465863454,96,0.000213389059764,0.183220261659,289,694
TX,Denton County,48121,46,137868.0,753363,0.000333652479183,685,6.10595423455e-05,0.183003412697,833,695
CT,Windham County,9015,31,21326.0,116998,0.00145362468348,55,0.000264961794219,0.182276620113,181,696
GA,DeKalb County,13089,60,131028.0,722161,0.000457917391703,533,8.30839660408e-05,0.18143876504,783,697
WY,Fremont County,56013,11,7384.0,40703,0.00148970747562,51,0.000270250350097,0.181411689556,164,698
TX,Brazos County,48041,22,37880.0,209152,0.000580781414995,413,0.000105186658507,0.181112301102,720,699
MI,Livingston County,26093,50,33264.0,185596,0.00150312650313,49,0.000269402357809,0.179228000603,169,700
KY,Campbell County,21037,46,16419.0,91833,0.00280163225531,11,0.000500909259199,0.178791937539,23,701
NJ,Mercer County,34021,40,66316.0,371537,0.000603172688341,388,0.000107660878997,0.17849097129,701,702
MD,Carroll County,24013,35,29877.0,167830,0.00117146969241,94,0.000208544360365,0.178019424418,303,703
PA,Monroe County,42089,28,29586.0,166314,0.000946393564524,156,0.000168356241808,0.177892420361,436,704
KY,Bullitt County,21029,25,13842.0,77955,0.00180609738477,34,0.000320697838497,0.177563979219,93,705
AK,Kenai Peninsula Borough,2122,12,10158.0,57477,0.00118133490845,92,0.000208779163839,0.17673156219,302,706
FL,Broward County,12011,194,330038.0,1869235,0.00058781110054,402,0.000103785773324,0.176563139466,729,707
TX,Williamson County,48491,30,86173.0,489250,0.000348136887424,667,6.13183444047e-05,0.176132856413,832,708
WA,Kitsap County,53035,27,44747.0,254183,0.000603392406195,386,0.000106222682083,0.176042457599,712,709
NY,Saratoga County,36091,24,39423.0,224921,0.000608781675672,377,0.000106704131673,0.175274874289,706,710
IL,Champaign County,17019,31,36294.0,207133,0.000854135669808,199,0.000149662294275,0.175220751884,514,711
VA,Chesapeake city,51550,19,40869.0,233371,0.00046490004649,520,8.14154286522e-05,0.175124587031,791,712
MA,Norfolk County,25021,122,121037.0,692254,0.00100795624478,136,0.000176235890295,0.174844782406,407,713
CT,New London County,9011,51,47760.0,273676,0.00106783919598,122,0.000186351744398,0.174512927696,373,714
AZ,Apache County,4001,24,12527.0,71828,0.00191586173864,30,0.000334131536448,0.174402739879,85,715
WV,Lincoln County,54043,11,3747.0,21561,0.00293568187884,9,0.000510180418348,0.173786002505,22,716
IL,Franklin County,17055,13,6801.0,39411,0.00191148360535,31,0.000329857146482,0.172566034863,88,717
TX,Galveston County,48167,47,54158.0,314198,0.000867831160678,194,0.000149587202974,0.172369015716,515,718
NY,Niagara County,36063,33,36800.0,213525,0.000896739130435,181,0.000154548647699,0.172345158647,502,719
CA,Marin County,6041,10,44933.0,260750,0.000222553579774,806,3.83509108341e-05,0.172322147651,845,720
NH,Rockingham County,33015,69,51737.0,300621,0.00133366836113,69,0.000229524883491,0.1721004188,246,721
NY,Jefferson County,36045,17,20458.0,119103,0.000830970769381,221,0.000142733600329,0.171767293855,539,722
HI,Maui County,15009,21,27982.0,163019,0.000750482453006,262,0.000128819340077,0.171648703525,609,723
MN,Anoka County,27003,28,58524.0,341864,0.000478436197116,505,8.19039150071e-05,0.171190882924,788,724
UT,Salt Lake County,49035,229,186886.0,1091742,0.00122534593281,84,0.000209756517566,0.171181469615,299,725
AZ,Navajo County,4017,41,18473.0,108101,0.00221945542143,21,0.000379274937327,0.170886485786,60,726
NH,Hillsborough County,33011,115,68108.0,405184,0.00168849474364,40,0.000283821671142,0.168091533723,133,727
NM,Valencia County,35061,25,12558.0,75817,0.00199076286033,25,0.000329741350884,0.165635675376,89,728
TX,Collin County,48085,59,146623.0,885241,0.000402392530503,599,6.66485171835e-05,0.165630602288,829,729
WA,Snohomish County,53061,118,125331.0,759583,0.000941506889756,159,0.000155348395106,0.16499974328,497,730
HI,Hawaii County,15001,21,32037.0,194190,0.000655492087274,332,0.000108141510891,0.164977599258,697,731
CO,El Paso County,8041,119,108834.0,663519,0.0010934083099,114,0.000179346785849,0.164025446144,398,732
NC,Wake County,37183,79,162883.0,998691,0.000485010713211,500,7.91035465424e-05,0.16309649331,801,733
NM,Lea County,35025,12,11408.0,69999,0.00105189340813,126,0.000171431020443,0.162973756768,428,734
WV,Mingo County,54059,26,4166.0,25716,0.00624099855977,1,0.0010110437082,0.16200031109,3,735
PA,Chester County,42029,76,83055.0,512784,0.000915056288002,173,0.000148210552591,0.161968782177,518,736
CT,Middlesex County,9007,36,26634.0,164943,0.00135165577833,65,0.000218257216129,0.161473963733,278,737
NY,Putnam County,36079,16,15991.0,99487,0.00100056281658,141,0.000160825032416,0.160734568336,477,738
IL,Kane County,17089,42,84574.0,527306,0.000496606522099,488,7.96501462149e-05,0.160388844428,797,739
MA,Plymouth County,25023,103,81303.0,507022,0.00126686592131,77,0.000203147003483,0.160353988584,318,740
TX,Harris County,48201,420,711759.0,4441370,0.000590087375081,399,9.45654156263e-05,0.160256632526,756,741
NY,Madison County,36053,13,11597.0,72369,0.00112097956368,104,0.000179634926557,0.16024817256,395,742
MO,St. Charles County,29183,64,60484.0,379493,0.00105813107599,124,0.000168646061983,0.159381068953,435,743
MD,Frederick County,24021,45,38663.0,243675,0.00116390347361,97,0.000184672206833,0.158666256284,382,744
WA,King County,53033,303,328613.0,2079967,0.000922057252756,168,0.000145675388119,0.157989525795,528,745
MA,Essex County,25009,192,121430.0,769091,0.00158115786873,44,0.000249645360562,0.157887688193,212,746
NM,Sandoval County,35043,34,21670.0,137608,0.00156898938625,45,0.000247078658218,0.157476309517,216,747
UT,Davis County,49011,46,51882.0,329692,0.000886627346671,187,0.000139524161945,0.15736505587,548,748
RI,Washington County,44009,34,19898.0,126653,0.00170871444366,38,0.000268450016976,0.157106424641,172,749
CA,Monterey County,6053,41,67735.0,431344,0.000605300066435,383,9.50517452428e-05,0.157032438147,755,750
NY,St. Lawrence County,36089,10,17441.0,111400,0.000573361619173,418,8.97666068223e-05,0.156561938959,771,751
CA,San Francisco County,6075,161,132871.0,852469,0.00121170157521,89,0.000188863172737,0.155866078415,366,752
OK,Canadian County,40017,18,20011.0,129582,0.0008995052721,178,0.000138908181692,0.154427312435,549,753
KY,Grant County,21081,12,3816.0,24875,0.00314465408805,7,0.000482412060302,0.153407035176,26,754
NJ,Passaic County,34031,60,77692.0,508856,0.000772280286259,248,0.000117911550615,0.152679736507,662,755
CA,Los Angeles County,6037,735,1538243.0,10116705,0.000477817874029,506,7.26521135093e-05,0.152049802777,817,756
LA,Ascension Parish,22005,15,17792.0,117029,0.000843075539568,204,0.00012817335874,0.152030693247,614,757
CA,Alameda County,6001,169,244459.0,1610921,0.000691322471253,303,0.000104908930978,0.151751079041,723,758
AZ,Yuma County,4027,38,30438.0,203247,0.00124843945069,80,0.000186964629244,0.149758668025,372,759
TX,Hays County,48209,13,27683.0,185025,0.00046960228299,513,7.02607755709e-05,0.149617619241,822,760
NH,Belknap County,33001,13,8972.0,60305,0.00144895229603,57,0.000215570848188,0.148777049996,285,761
IL,Tazewell County,17179,22,20151.0,135707,0.00109175723289,115,0.000162113966118,0.148489024148,470,762
NY,Ulster County,36111,23,26715.0,180445,0.000860939547071,197,0.000127462661753,0.148050652553,617,763
NM,Curry County,35009,10,7544.0,50969,0.00132555673383,72,0.000196197688791,0.148011536424,342,764
IL,Cook County,17031,633,771335.0,5246456,0.000820655097979,224,0.000120652875007,0.147020198016,649,765
NM,McKinley County,35031,17,10735.0,74098,0.00158360503027,43,0.000229425895436,0.144875705147,247,766
CA,Madera County,6039,21,22371.0,154548,0.000938715301059,163,0.000135880114916,0.144751145275,565,767
FL,Miami-Dade County,12086,121,383568.0,2662874,0.000315459058107,714,4.54396265088e-05,0.144042864965,844,768
IL,Will County,17197,83,98613.0,685419,0.000841674018639,206,0.00012109381269,0.14387258013,648,769
CA,Orange County,6059,334,452456.0,3145515,0.000738193327086,269,0.000106182930299,0.143841628477,713,770
CA,Ventura County,6111,114,121225.0,846178,0.000940400082491,161,0.000134723426986,0.143261819617,574,771
UT,Box Elder County,49003,10,7376.0,51518,0.0013557483731,64,0.000194106914088,0.143173259832,347,772
TX,El Paso County,48141,75,119073.0,833487,0.00062986571263,356,8.99834070597e-05,0.142861256384,770,773
NJ,Union County,34039,44,78641.0,552939,0.000559504584123,428,7.9574781305e-05,0.142223644923,798,774
NM,San Juan County,35045,30,17585.0,123785,0.00170599943133,39,0.000242355697379,0.14206083128,224,775
NJ,Somerset County,34035,32,47193.0,332568,0.000678066662429,316,9.62209232398e-05,0.141904813452,752,776
WY,Laramie County,56021,13,13644.0,96389,0.000952799765465,151,0.000134870161533,0.141551421843,570,777
CT,Fairfield County,9001,108,133591.0,945438,0.000808437694156,230,0.000114232768304,0.141300645838,677,778
CA,San Diego County,6073,381,454898.0,3263431,0.000837550395913,209,0.000116748293437,0.139392559549,667,779
NJ,Morris County,34027,55,69234.0,499727,0.0007944073721,235,0.000110060092811,0.13854364483,691,780
NY,New York County,36061,172,224992.0,1636268,0.000764471625658,252,0.000105117254631,0.137503147406,721,781
CA,El Dorado County,6017,49,24524.0,183087,0.00199804273365,24,0.0002676323278,0.133947249122,174,782
RI,Newport County,44005,12,10912.0,82358,0.00109970674487,110,0.000145705335244,0.132494718182,527,783
NM,Dona Ana County,35013,41,27844.0,213676,0.00147248958483,54,0.000191879293884,0.130309440461,358,784
NJ,Essex County,34013,97,102836.0,795723,0.000943249445719,158,0.000121901717055,0.129235927578,644,785
UT,Cache County,49005,14,15206.0,118343,0.000920689201631,170,0.000118300195195,0.12849091201,658,786
NY,Orange County,36071,71,48202.0,376099,0.00147296792664,53,0.00018878008184,0.128163063449,367,787
TX,Hidalgo County,48215,24,105882.0,831073,0.000226667422225,801,2.88783295812e-05,0.12740397053,846,788
NY,Greene County,36039,12,6100.0,47967,0.00196721311475,27,0.000250171993245,0.127170763233,209,789
IL,Lake County,17097,75,89595.0,705186,0.000837100284614,210,0.000106354919128,0.12705158639,710,790
NY,Dutchess County,36027,46,37035.0,296579,0.00124206831376,83,0.000155102013292,0.124873979614,499,791
NJ,Hunterdon County,34019,13,15588.0,126067,0.000833974852451,215,0.000103119769646,0.123648536096,731,792
MA,Middlesex County,25017,258,194149.0,1570315,0.00132887627544,71,0.000164298245893,0.123636977294,459,793
NJ,Middlesex County,34023,112,103039.0,836297,0.00108696707072,116,0.000133923713705,0.123208620861,580,794
MD,Caroline County,24011,11,3974.0,32538,0.00276799194766,12,0.000338066260987,0.122134120106,81,795
MN,Sherburne County,27141,12,11120.0,91126,0.00107913669065,118,0.000131685797687,0.12202883919,593,796
MD,Harford County,24025,42,30128.0,250105,0.00139405204461,61,0.000167929469623,0.120461406209,439,797
NM,Otero County,35035,18,7817.0,65082,0.00230267365997,18,0.000276574167973,0.120110015058,147,798
NC,Onslow County,37133,20,22467.0,187589,0.0008901945075,185,0.000106616059577,0.119767150526,707,799
IL,McHenry County,17111,33,36730.0,307283,0.000898448135039,179,0.000107392859351,0.119531506787,703,800
NY,Nassau County,36059,172,161040.0,1358627,0.00106805762543,121,0.000126598396764,0.118531429156,619,801
WY,Sweetwater County,56037,16,5207.0,45010,0.00307278663338,8,0.000355476560764,0.115685403244,70,802
AZ,Pinal County,4021,29,46390.0,401918,0.000625134727312,364,7.21540214671e-05,0.11542155365,819,803
NJ,Bergen County,34003,88,107636.0,933572,0.000817570329629,226,9.42616102454e-05,0.115294803186,757,804
UT,Utah County,49049,90,64459.0,560974,0.0013962363673,59,0.000160435242988,0.114905503642,479,805
TX,Webb County,48479,26,30448.0,266673,0.000853914871256,200,9.749768443e-05,0.114177288289,747,806
NY,Oswego County,36075,20,13779.0,120913,0.00145148414254,56,0.000165408186051,0.11395796978,453,807
MD,Charles County,24017,24,17205.0,154747,0.00139494333043,60,0.000155091859616,0.111181476862,500,808
MD,Anne Arundel County,24003,116,61789.0,560133,0.00187735681108,32,0.000207093672396,0.110311301066,304,809
TX,Fort Bend County,48157,34,74001.0,685345,0.000459453250632,531,4.96100504126e-05,0.107976274723,843,810
NJ,Hudson County,34017,62,71795.0,669115,0.000863569886482,196,9.26597072252e-05,0.107298446455,762,811
TX,Brazoria County,48039,21,36029.0,338124,0.000582863804158,408,6.21073925542e-05,0.106555583159,831,812
CA,Santa Clara County,6085,133,201246.0,1894605,0.000660882700774,327,7.01993291478e-05,0.106220557847,823,813
NY,Richmond County,36085,94,50270.0,473279,0.00186990252636,33,0.000198614347985,0.1062164178,336,814
CA,San Mateo County,6081,64,80309.0,758581,0.000796921889203,232,8.43680503466e-05,0.105867402426,779,815
NY,Suffolk County,36103,259,158204.0,1502968,0.00163712674774,42,0.000172325691565,0.105261056789,425,816
MD,Calvert County,24009,18,9230.0,90613,0.00195016251354,29,0.000198646993257,0.101861763765,335,817
NJ,Sussex County,34037,14,14739.0,144909,0.000949860913223,153,9.66123567204e-05,0.101712108979,750,818
AK,Anchorage Borough,2020,68,30581.0,301010,0.00222360289068,20,0.000225906116076,0.101594631408,256,819
WV,Jefferson County,54037,13,5612.0,55713,0.00231646471846,17,0.000233338718073,0.100730529679,239,820
AK,Matanuska-Susitna Borough,2170,24,9657.0,97882,0.00248524386455,15,0.000245193191802,0.0986596105515,219,821
UT,Tooele County,49045,24,5940.0,61598,0.0040404040404,4,0.000389623039709,0.096431702328,56,822
MD,Cecil County,24015,34,9778.0,102383,0.00347719370014,5,0.000332086381528,0.0955041364289,87,823
CO,Douglas County,8035,18,29073.0,314638,0.000619131152616,369,5.72086016311e-05,0.0924014264011,838,824
DC,District of Columbia,11001,105,59822.0,658893,0.00175520711444,36,0.000159358196247,0.090791676342,481,825
NY,Westchester County,36119,94,87741.0,972634,0.00107133495173,120,9.6644781079e-05,0.0902096780495,749,826
MN,Dakota County,27037,24,36957.0,412529,0.000649403360662,342,5.81777281112e-05,0.0895864290753,836,827
NY,Rockland County,36087,22,27916.0,323866,0.000788078521278,242,6.79293287965e-05,0.0861961428492,825,828
HI,Honolulu County,15003,95,83837.0,991788,0.00113315123394,100,9.57865995556e-05,0.0845311699678,754,829
MD,Montgomery County,24031,76,86925.0,1030447,0.000874316939891,191,7.37543997896e-05,0.0843565947594,813,830
MD,Howard County,24027,24,26036.0,309284,0.000921800583807,169,7.75985825326e-05,0.0841815289507,805,831
VA,Arlington County,51013,12,18269.0,226908,0.000656850402321,330,5.28848696388e-05,0.0805128069526,841,832
TX,Hardin County,48199,10,4411.0,55621,0.00226705962367,19,0.000179788209489,0.0793045792057,393,833
WA,Island County,53029,16,5993.0,79275,0.00266978141165,13,0.000201829076001,0.0755976032797,326,834
NY,Bronx County,36005,167,107931.0,1438159,0.00154728483939,46,0.000116120679285,0.0750480301552,669,835
AK,Fairbanks North Star Borough,2090,20,7044.0,99357,0.00283929585463,10,0.000201294322494,0.0708958603823,329,836
MD,Prince George's County,24033,70,63881.0,904430,0.00109578747985,112,7.73968134626e-05,0.0706312262972,806,837
NY,Kings County,36047,241,173600.0,2621793,0.00138824884793,63,9.19218260175e-05,0.0662142282018,765,838
VA,Fairfax County,51059,63,74147.0,1137538,0.000849663506278,201,5.53827652351e-05,0.0651819983157,840,839
LA,St. Bernard Parish,22087,13,2833.0,44409,0.00458877515002,3,0.00029273345493,0.0637933752167,122,840
WY,Campbell County,56005,10,2985.0,48320,0.00335008375209,6,0.000206953642384,0.0617756622517,305,841
VA,Prince William County,51153,33,24739.0,446094,0.00133392618942,68,7.39754401539e-05,0.0554569216354,812,842
MD,St. Mary's County,24037,11,6105.0,110382,0.0018018018018,35,9.96539290826e-05,0.0553079306409,742,843
NY,Queens County,36081,171,126701.0,2321580,0.0013496341781,66,7.36567337761e-05,0.0545753323168,814,844
VA,Loudoun County,51107,26,13197.0,363050,0.00197014472986,26,7.16154799614e-05,0.0363503649635,821,845
VA,Stafford County,51179,11,4990.0,139992,0.00220440881764,22,7.85759186239e-05,0.0356448939939,802,846
